product_name,selling_price_inr,mrp_inr,discount_as_listed,discount_calculated,star_rating,specs,category,platform,source_url,scraped_at,num_reviews
"vivo T5x 5G (Star Silver, 128 GB)",22999,28999.0,20.0,20.69,4.5,6 GB RAM | 128 GB ROM17.17 cm (6.76 inch) Display50MP + 2MP | 32MP Front Camera7200 mAh Li-ion BatteryDimensity 7400-Turbo Processor1 Year Manufacturer Warranty for Device and 6 Months Manufacturer Warranty for Inbox Accessories,mobiles,Flipkart,https://www.flipkart.com/search?q=smartphones&page=1,2026-04-21 15:31:10,
"vivo T5x 5G (Cyber Green, 128 GB)",22999,28999.0,20.0,20.69,4.5,6 GB RAM | 128 GB ROM17.17 cm (6.76 inch) Display50MP + 2MP | 32MP Front Camera7200 mAh Li-ion BatteryDimensity 7400-Turbo Processor1 Year Manufacturer Warranty for Device and 6 Months Manufacturer Warranty for Inbox Accessories,mobiles,Flipkart,https://www.flipkart.com/search?q=smartphones&page=1,2026-04-21 15:31:10,
"MOTOROLA g06 power (Pantone tapestry, 64 GB)",9999,,,,4.3,4 GB RAM | 64 GB ROM | Expandable Upto 1 TB17.48 cm (6.88 inch) HD+ Display50MP Rear Camera | 8MP Front Camera7000 mAh BatteryHelio G81 Processor1 Year Warranty on Handset and 6 Months Warranty on Accessories,mobiles,Flipkart,https://www.flipkart.com/search?q=smartphones&page=1,2026-04-21 15:31:10,
"realme P4 Lite 5G (Mosaic Blue, 64 GB)",13499,19999.0,32.0,32.5,4.4,4 GB RAM | 64 GB ROM17.27 cm (6.8 inches) HD+ Display13MP Rear Camera | 5MP Front Camera7000 mAh lithium-ion polymer BatteryDimensity 6300 Processor1 Year Manufacturer Warranty for Device and 6 Months Manufacturer Warranty for Inbox Accessories,mobiles,Flipkart,https://www.flipkart.com/search?q=smartphones&page=1,2026-04-21 15:31:10,
"vivo T5x 5G (Cyber Green, 256 GB)",26999,33999.0,20.0,20.59,4.5,8 GB RAM | 256 GB ROM17.17 cm (6.76 inch) Display50MP + 2MP | 32MP Front Camera7200 mAh Li-ion BatteryDimensity 7400-Turbo Processor1 Year Manufacturer Warranty for Device and 6 Months Manufacturer Warranty for Inbox Accessories,mobiles,Flipkart,https://www.flipkart.com/search?q=smartphones&page=1,2026-04-21 15:31:10,
"Ai+ Pulse 1 (Sparkle Red, 64 GB)",7999,,,,4.3,4 GB RAM | 64 GB ROM | Expandable Upto 1 TB17.13 cm (6.745 inch) HD+ Display50MP Rear Camera | 5MP Front Camera5000 mAh BatteryT615 Processor1 Year Warranty on Handset and 6 Months Warranty on the Inbox Accessories,mobiles,Flipkart,https://www.flipkart.com/search?q=smartphones&page=1,2026-04-21 15:31:10,
"realme P4 Lite 5G (Mosaic Green, 64 GB)",13499,19999.0,32.0,32.5,4.4,4 GB RAM | 64 GB ROM17.27 cm (6.8 inches) HD+ Display13MP Rear Camera | 5MP Front Camera7000 mAh lithium-ion polymer BatteryDimensity 6300 Processor1 Year Manufacturer Warranty for Device and 6 Months Manufacturer Warranty for Inbox Accessories,mobiles,Flipkart,https://www.flipkart.com/search?q=smartphones&page=1,2026-04-21 15:31:10,
"realme P4x 5G (Matte Silver, 128 GB)",16499,17999.0,8.0,8.33,4.4,6 GB RAM | 128 GB ROM17.07 cm (6.72 inch) Full HD+ Display50MP + 2MP | 8MP Front Camera7000 mAh BatteryDimensity 7400 Ultra Processor1 Year Manufacturer Warranty for Phone and 6 Months Warranty for In-Box Accessories,mobiles,Flipkart,https://www.flipkart.com/search?q=smartphones&page=1,2026-04-21 15:31:10,
"Ai+ Pulse 1 (Blue, 64 GB)",7999,,,,4.3,4 GB RAM | 64 GB ROM | Expandable Upto 1 TB17.13 cm (6.745 inch) HD+ Display50MP Rear Camera | 5MP Front Camera5000 mAh BatteryT615 Processor1 Year Warranty on Handset and 6 Months Warranty on the Inbox Accessories,mobiles,Flipkart,https://www.flipkart.com/search?q=smartphones&page=1,2026-04-21 15:31:10,
"Ai+ Pulse 2 (Purple, 64 GB)",8499,10999.0,22.0,22.73,4.6,4 GB RAM | 64 GB ROM | Expandable Upto 1 TB17.13 cm (6.745 inch) HD+ Display50MP Rear Camera | 8MP Front Camera6000 mAh BatteryT7250 Processor1 Year Warranty on Handset and 6 Months Warranty on the Inbox Accessories,mobiles,Flipkart,https://www.flipkart.com/search?q=smartphones&page=1,2026-04-21 15:31:10,
"realme P4 Lite 5G (Mosaic Green, 128 GB)",16499,22999.0,28.0,28.26,4.5,6 GB RAM | 128 GB ROM17.27 cm (6.8 inches) HD+ Display13MP Rear Camera | 5MP Front Camera7000 mAh lithium-ion polymer BatteryDimensity 6300 Processor1 Year Manufacturer Warranty for Device and 6 Months Manufacturer Warranty for Inbox Accessories,mobiles,Flipkart,https://www.flipkart.com/search?q=smartphones&page=1,2026-04-21 15:31:10,
"MOTOROLA g35 5G (Leaf Green, 128 GB)",12499,,,,4.2,4 GB RAM | 128 GB ROM | Expandable Upto 1 TB17.07 cm (6.72 inch) Full HD+ Display50MP + 8MP | 16MP Front Camera5000 mAh BatteryT760 Processor12 5G Bands with VoNR|4K Video Recording|Vision Booster Technology1 Year on Handset and 6 Months on Accessories,mobiles,Flipkart,https://www.flipkart.com/search?q=smartphones&page=1,2026-04-21 15:31:10,
"POCO C85x (Elite Black, 64 GB)",11499,13499.0,14.0,14.82,4.2,4 GB RAM | 64 GB ROM | Expandable Upto 2 TB17.53 cm (6.9 inch) HD+ Display32MP Rear Camera6300 mAh Lithium-Ion Polymer BatteryT8300 Processor1 Year Manufacturer Warranty for Phone and 6 Months Warranty for In the Box Accessories,mobiles,Flipkart,https://www.flipkart.com/search?q=smartphones&page=1,2026-04-21 15:31:10,
"MOTOROLA g57 power 5G (Pantone Regatta, 128 GB)",15999,17999.0,11.0,11.11,4.4,8 GB RAM | 128 GB ROM17.07 cm (6.72 inch) Full HD+ Display50MP + 8MP | 8MP Front Camera7000 mAh Battery6s Gen 4 Processor1 Year Warranty on Handset and 6 Months Warranty on Accessories,mobiles,Flipkart,https://www.flipkart.com/search?q=smartphones&page=1,2026-04-21 15:31:10,
"MOTOROLA g35 5G (Midnight Black, 128 GB)",12499,,,,4.2,4 GB RAM | 128 GB ROM | Expandable Upto 1 TB17.07 cm (6.72 inch) Full HD+ Display50MP + 8MP | 16MP Front Camera5000 mAh BatteryT760 Processor12 5G Bands with VoNR|4K Video Recording|Vision Booster Technology1 Year on Handset and 6 Months on Accessories,mobiles,Flipkart,https://www.flipkart.com/search?q=smartphones&page=1,2026-04-21 15:31:10,
"MOTOROLA g06 power (Pantone Tendril, 64 GB)",9999,,,,4.3,4 GB RAM | 64 GB ROM | Expandable Upto 1 TB17.48 cm (6.88 inch) HD+ Display50MP Rear Camera | 8MP Front Camera7000 mAh BatteryHelio G81 Processor1 Year Warranty on Handset and 6 Months Warranty on Accessories,mobiles,Flipkart,https://www.flipkart.com/search?q=smartphones&page=1,2026-04-21 15:31:10,
"Samsung Galaxy F06 5G (Lit Violet, 128 GB)",12499,13999.0,10.0,10.72,4.2,4 GB RAM | 128 GB ROM | Expandable Upto 1500 GB17.02 cm (6.7 inch) HD+ Display50MP + 2MP | 8MP Front Camera5000 mAh BatteryDimensity 6300 Processor1 Year Manufacturer Warranty for Device and 6 Months for In-Box Accessories,mobiles,Flipkart,https://www.flipkart.com/search?q=smartphones&page=1,2026-04-21 15:31:10,
"MOTOROLA g35 5G (Leaf Green, 128 GB)",13999,15499.0,9.0,9.68,4.2,8 GB RAM | 128 GB ROM | Expandable Upto 1 TB17.07 cm (6.72 inch) Full HD+ Display50MP + 8MP | 16MP Front Camera5000 mAh BatteryT760 Processor12 5G Bands with VoNR|4K Video Recording|Vision Booster Technology1 Year on Handset and 6 Months on Accessories,mobiles,Flipkart,https://www.flipkart.com/search?q=smartphones&page=1,2026-04-21 15:31:10,
"MOTOROLA Edge 60 Fusion 5G (PANTONE Slipstream, 128 GB)",22999,24999.0,8.0,8.0,4.4,8 GB RAM | 128 GB ROM | Expandable Upto 1 TB16.94 cm (6.67 inch) Display50MP + 13MP | 32MP Front Camera5500 mAh BatteryDimensity 7400 Processor68W Charger1 Year Warranty on Handset and 6 Months Warranty on Accessories,mobiles,Flipkart,https://www.flipkart.com/search?q=smartphones&page=1,2026-04-21 15:31:10,
"MOTOROLA Edge 60 Fusion 5G (PANTONE Mykonos Blue, 128 GB)",22999,24999.0,8.0,8.0,4.4,8 GB RAM | 128 GB ROM | Expandable Upto 1 TB16.94 cm (6.67 inch) Display50MP + 13MP | 32MP Front Camera5500 mAh BatteryDimensity 7400 Processor68W Charger1 Year Warranty on Handset and 6 Months Warranty on Accessories,mobiles,Flipkart,https://www.flipkart.com/search?q=smartphones&page=1,2026-04-21 15:31:10,
"realme P4x 5G (Matte Silver, 256 GB)",19499,20999.0,7.0,7.14,4.4,8 GB RAM | 256 GB ROM17.07 cm (6.72 inch) Full HD+ Display50MP + 2MP | 8MP Front Camera7000 mAh BatteryDimensity 7400 Ultra Processor1 Year Manufacturer Warranty for Phone and 6 Months Warranty for In-Box Accessories,mobiles,Flipkart,https://www.flipkart.com/search?q=smartphones&page=1,2026-04-21 15:31:10,
"MOTOROLA g57 power 5G (Pantone Fluidity, 128 GB)",15999,17999.0,11.0,11.11,4.4,8 GB RAM | 128 GB ROM17.07 cm (6.72 inch) Full HD+ Display50MP + 8MP | 8MP Front Camera7000 mAh Battery6s Gen 4 Processor1 Year Warranty on Handset and 6 Months Warranty on Accessories,mobiles,Flipkart,https://www.flipkart.com/search?q=smartphones&page=1,2026-04-21 15:31:10,
"Ai+ Pulse 2 (Blue, 64 GB)",8499,10999.0,22.0,22.73,4.6,4 GB RAM | 64 GB ROM | Expandable Upto 1 TB17.13 cm (6.745 inch) HD+ Display50MP Rear Camera | 8MP Front Camera6000 mAh BatteryT7250 Processor1 Year Warranty on Handset and 6 Months Warranty on the Inbox Accessories,mobiles,Flipkart,https://www.flipkart.com/search?q=smartphones&page=1,2026-04-21 15:31:10,
"POCO M8 (Carbon Black, 256 GB)",21999,24999.0,12.0,12.0,4.5,8 GB RAM | 256 GB ROM | Expandable Upto 1 TB17.2 cm (6.77 inch) Full HD+ Display50MP Rear Camera | 20MP Front Camera5520 mAh Battery1 Year Manufacturer Warranty for Phone and 6 Months Warranty for In the Box Accessories,mobiles,Flipkart,https://www.flipkart.com/search?q=smartphones&page=1,2026-04-21 15:31:10,
"POCO C75 5G (Enchanted Green, 64 GB)",10999,,,,4.2,4 GB RAM | 64 GB ROM | Expandable Upto 1 TB17.48 cm (6.88 inch) HD+ Display50MP Rear Camera | 5MP Front Camera5160 mAh Battery4s Gen 2 5G Processor1 Year Manufacturer Warranty for Phone and 6 Months Warranty for In the Box Accessories,mobiles,Flipkart,https://www.flipkart.com/search?q=smartphones&page=2,2026-04-21 15:31:26,
"MOTOROLA Edge 60 Fusion 5G (PANTONE Zephyr, 128 GB)",22999,24999.0,8.0,8.0,4.4,8 GB RAM | 128 GB ROM | Expandable Upto 1 TB16.94 cm (6.67 inch) Display50MP + 13MP | 32MP Front Camera5500 mAh BatteryDimensity 7400 Processor68W Charger1 Year Warranty on Handset and 6 Months Warranty on Accessories,mobiles,Flipkart,https://www.flipkart.com/search?q=smartphones&page=2,2026-04-21 15:31:26,
"realme P4x 5G (Lake Green, 256 GB)",19499,20999.0,7.0,7.14,4.4,8 GB RAM | 256 GB ROM17.07 cm (6.72 inch) Full HD+ Display50MP + 2MP | 8MP Front Camera7000 mAh BatteryDimensity 7400 Ultra Processor1 Year Manufacturer Warranty for Phone and 6 Months Warranty for In-Box Accessories,mobiles,Flipkart,https://www.flipkart.com/search?q=smartphones&page=2,2026-04-21 15:31:26,
"POCO C85x (Sunset Gold, 64 GB)",11499,13499.0,14.0,14.82,4.2,4 GB RAM | 64 GB ROM | Expandable Upto 2 TB17.53 cm (6.9 inch) HD+ Display32MP Rear Camera6300 mAh Lithium-Ion Polymer BatteryT8300 Processor1 Year Manufacturer Warranty for Phone and 6 Months Warranty for In the Box Accessories,mobiles,Flipkart,https://www.flipkart.com/search?q=smartphones&page=2,2026-04-21 15:31:26,
"vivo T5x 5G (Star Silver, 128 GB)",24999,30999.0,19.0,19.36,4.5,8 GB RAM | 128 GB ROM17.17 cm (6.76 inch) Display50MP + 2MP | 32MP Front Camera7200 mAh Li-ion BatteryDimensity 7400-Turbo Processor1 Year Manufacturer Warranty for Device and 6 Months Manufacturer Warranty for Inbox Accessories,mobiles,Flipkart,https://www.flipkart.com/search?q=smartphones&page=2,2026-04-21 15:31:26,
"Ai+ Pulse 1 (Black, 64 GB)",7999,,,,4.3,4 GB RAM | 64 GB ROM | Expandable Upto 1 TB17.13 cm (6.745 inch) HD+ Display50MP Rear Camera | 5MP Front Camera5000 mAh BatteryT615 Processor1 Year Warranty on Handset and 6 Months Warranty on the Inbox Accessories,mobiles,Flipkart,https://www.flipkart.com/search?q=smartphones&page=2,2026-04-21 15:31:26,
"Ai+ Pulse 2 (Green, 128 GB)",9499,11999.0,20.0,20.84,4.1,6 GB RAM | 128 GB ROM | Expandable Upto 1 TB17.13 cm (6.745 inch) HD+ Display50MP Rear Camera | 8MP Front Camera6000 mAh BatteryT7250 Processor1 Year Warranty on Handset and 6 Months Warranty on the Inbox Accessories,mobiles,Flipkart,https://www.flipkart.com/search?q=smartphones&page=2,2026-04-21 15:31:26,
"POCO M7 Plus 5G (Chrome Silver, 128 GB)",15999,16999.0,5.0,5.88,4.3,6 GB RAM | 128 GB ROM | Expandable Upto 2 TB17.53 cm (6.9 inch) Display50MP AI Dual Camera7000 mAh BatterySnapdragon 6s Gen 3 5G Processor1 Year Manufacturer Warranty for Phone and 6 Months Warranty for In the Box Accessories,mobiles,Flipkart,https://www.flipkart.com/search?q=smartphones&page=2,2026-04-21 15:31:26,
"Infinix GT 30 5G+ Pulse Green 128 (Pulse Green, 128 GB)",21999,24999.0,12.0,12.0,4.4,8 GB RAM | 128 GB ROM17.22 cm (6.78 inch) Display64MP + 8MP | 13MP Front Camera5500 mAh BatteryDimensity 7400 Processor1 Year Manufacturer Warranty for Device and 6 Months Manufacturer Warranty for Inbox Accessories,mobiles,Flipkart,https://www.flipkart.com/search?q=smartphones&page=2,2026-04-21 15:31:26,
"realme P4 Lite (Sea Blue, 64 GB)",9999,12999.0,23.0,23.08,4.4,4 GB RAM | 64 GB ROM17.14 cm (6.75 inch) HD+ Display13MP Rear Camera | 5MP Front Camera6300 mAh BatteryT7250 Processor1 Year Manufacturer Warranty for Device and 6 Months Manufacturer Warranty for Inbox Accessories,mobiles,Flipkart,https://www.flipkart.com/search?q=smartphones&page=2,2026-04-21 15:31:26,
"realme P4 Lite 5G (Mosaic Green, 128 GB)",14499,20999.0,30.0,30.95,4.4,4 GB RAM | 128 GB ROM17.27 cm (6.8 inches) HD+ Display13MP Rear Camera | 5MP Front Camera7000 mAh lithium-ion polymer BatteryDimensity 6300 Processor1 Year Manufacturer Warranty for Device and 6 Months Manufacturer Warranty for Inbox Accessories,mobiles,Flipkart,https://www.flipkart.com/search?q=smartphones&page=2,2026-04-21 15:31:26,
"Nothing Phone (4a) (White, 256 GB)",34999,37999.0,7.0,7.89,4.5,8 GB RAM | 256 GB ROM17.22 cm (6.78 inch) Full HD+ AMOLED Display50MP + 50MP + 8MP | 32MP Front Camera5400 mAh Lithium ion BatterySnapdragon 7s Gen 4 Processor1 Year Manufacturing Warranty,mobiles,Flipkart,https://www.flipkart.com/search?q=smartphones&page=2,2026-04-21 15:31:26,
"realme P4 Lite (Sea Blue, 128 GB)",10999,13999.0,21.0,21.43,4.4,4 GB RAM | 128 GB ROM17.14 cm (6.75 inch) HD+ Display13MP Rear Camera | 5MP Front Camera6300 mAh BatteryT7250 Processor1 Year Manufacturer Warranty for Device and 6 Months Manufacturer Warranty for Inbox Accessories,mobiles,Flipkart,https://www.flipkart.com/search?q=smartphones&page=2,2026-04-21 15:31:26,
"MOTOROLA g06 power (Pantone Laurel Oak, 64 GB)",9999,,,,4.3,4 GB RAM | 64 GB ROM | Expandable Upto 1 TB17.48 cm (6.88 inch) HD+ Display50MP Rear Camera | 8MP Front Camera7000 mAh BatteryHelio G81 Processor1 Year Warranty on Handset and 6 Months Warranty on Accessories,mobiles,Flipkart,https://www.flipkart.com/search?q=smartphones&page=2,2026-04-21 15:31:26,
"OnePlus Nord 6 (Pitch Black, 256 GB)",39500,52999.0,25.0,25.47,4.7,"8 GB RAM | 256 GB ROM | Expandable Upto 256 GB17.22 cm (6.78 inch) Full HD+ Display50MP Rear Camera9000 mAh Battery4 octa-core processor Processorone-year limited warranty starting from the date of delivery, covering manufacturing defects in materials and workmanship",mobiles,Flipkart,https://www.flipkart.com/search?q=smartphones&page=2,2026-04-21 15:31:26,
"Samsung Galaxy F06 5G (Bahama Blue, 128 GB)",12499,13999.0,10.0,10.72,4.2,4 GB RAM | 128 GB ROM | Expandable Upto 1500 GB17.02 cm (6.7 inch) HD+ Display50MP + 2MP | 8MP Front Camera5000 mAh BatteryDimensity 6300 Processor1 Year Manufacturer Warranty for Device and 6 Months for In-Box Accessories,mobiles,Flipkart,https://www.flipkart.com/search?q=smartphones&page=2,2026-04-21 15:31:26,
"MOTOROLA Edge 60 Fusion 5G (PANTONE Amazonite, 128 GB)",22999,24999.0,8.0,8.0,4.4,8 GB RAM | 128 GB ROM | Expandable Upto 1 TB16.94 cm (6.67 inch) Display50MP + 13MP | 32MP Front Camera5500 mAh BatteryDimensity 7400 Processor68W Charger1 Year Warranty on Handset and 6 Months Warranty on Accessories,mobiles,Flipkart,https://www.flipkart.com/search?q=smartphones&page=2,2026-04-21 15:31:26,
"vivo T5x 5G (Cyber Green, 128 GB)",24999,30999.0,19.0,19.36,4.5,8 GB RAM | 128 GB ROM17.17 cm (6.76 inch) Display50MP + 2MP | 32MP Front Camera7200 mAh Li-ion BatteryDimensity 7400-Turbo Processor1 Year Manufacturer Warranty for Device and 6 Months Manufacturer Warranty for Inbox Accessories,mobiles,Flipkart,https://www.flipkart.com/search?q=smartphones&page=2,2026-04-21 15:31:26,
"realme P4 Lite (Beach Gold, 128 GB)",10999,13999.0,21.0,21.43,4.4,4 GB RAM | 128 GB ROM17.14 cm (6.75 inch) HD+ Display13MP Rear Camera | 5MP Front Camera6300 mAh BatteryT7250 Processor1 Year Manufacturer Warranty for Device and 6 Months Manufacturer Warranty for Inbox Accessories,mobiles,Flipkart,https://www.flipkart.com/search?q=smartphones&page=2,2026-04-21 15:31:26,
"MOTOROLA g05 (Forest Green, 64 GB)",7299,9999.0,27.0,27.0,4.2,4 GB RAM | 64 GB ROM | Expandable Upto 1 TB16.94 cm (6.67 inch) HD+ Display50MP Rear Camera | 8MP Front Camera5100 mAh BatteryHelio G81 Processor1 Year Warranty on Handset and 6 Months Warranty on Accessories,mobiles,Flipkart,https://www.flipkart.com/search?q=smartphones&page=2,2026-04-21 15:31:26,
"POCO C71 (Desert Gold, 128 GB)",9999,,,,4.1,"6 GB RAM | 128 GB ROM | Expandable Upto 2 TB17.48 cm (6.88 inch) HD+ Display32MP Rear Camera | 8MP Front Camera5200 mAh BatteryUnisoc T7250
Max clock speed: 
2 x A75@1.8GHz
6 x A55@1.6GHz Processor1 Year Manufacturer Warranty for Phone and 6 Months Warranty for In the Box Accessories",mobiles,Flipkart,https://www.flipkart.com/search?q=smartphones&page=3,2026-04-21 15:31:38,
"Google Pixel 9A (Obsidian, 256 GB)",39999,49999.0,20.0,20.0,4.5,8 GB RAM | 256 GB ROM15.96 cm (6.285 inch) Full HD+ Display48MP + 12MP | 12MP Front Camera5100 mAh BatteryTensor G4 Processor1 Year Domestic Warranty,mobiles,Flipkart,https://www.flipkart.com/search?q=smartphones&page=3,2026-04-21 15:31:38,
"Ai+ Pulse 2 (Blue, 128 GB)",9499,11999.0,20.0,20.84,4.1,6 GB RAM | 128 GB ROM | Expandable Upto 1 TB17.13 cm (6.745 inch) HD+ Display50MP Rear Camera | 8MP Front Camera6000 mAh BatteryT7250 Processor1 Year Warranty on Handset and 6 Months Warranty on the Inbox Accessories,mobiles,Flipkart,https://www.flipkart.com/search?q=smartphones&page=3,2026-04-21 15:31:38,
"POCO C85x (Emerald Green, 64 GB)",11499,13499.0,14.0,14.82,4.2,4 GB RAM | 64 GB ROM | Expandable Upto 2 TB17.53 cm (6.9 inch) HD+ Display32MP Rear Camera6300 mAh Lithium-Ion Polymer BatteryT8300 Processor1 Year Manufacturer Warranty for Phone and 6 Months Warranty for In the Box Accessories,mobiles,Flipkart,https://www.flipkart.com/search?q=smartphones&page=3,2026-04-21 15:31:38,
"POCO M7 Plus 5G (Carbon Black, 128 GB)",15999,16999.0,5.0,5.88,4.3,6 GB RAM | 128 GB ROM | Expandable Upto 2 TB17.53 cm (6.9 inch) Display50MP AI Dual Camera7000 mAh BatterySnapdragon 6s Gen 3 5G Processor1 Year Manufacturer Warranty for Phone and 6 Months Warranty for In the Box Accessories,mobiles,Flipkart,https://www.flipkart.com/search?q=smartphones&page=3,2026-04-21 15:31:38,
"vivo T4x 5G (Pronto Purple, 256 GB)",20999,,,,4.4,8 GB RAM | 256 GB ROM17.07 cm (6.72 inch) Display50MP + 2MP | 8MP Front Camera6500 mAh BatteryDimensity 7300 5G Processor1 Year Warranty for Device and 6 Months Warranty for Accessories,mobiles,Flipkart,https://www.flipkart.com/search?q=smartphones&page=3,2026-04-21 15:31:38,
"vivo T4R 5G (Twilight Blue, 128 GB)",22999,23499.0,2.0,2.13,4.5,8 GB RAM | 128 GB ROM17.2 cm (6.77 inch) Display50MP (OIS) + 2MP | 32MP Front Camera5700 mAh BatteryDimensity 7400 5G Processor1 Year Manufacturer Warranty for Device and 6 Months Manufacturer Warranty for Inbox Accessories,mobiles,Flipkart,https://www.flipkart.com/search?q=smartphones&page=3,2026-04-21 15:31:38,
"POCO C71 (Cool Blue, 128 GB)",9999,,,,4.1,"6 GB RAM | 128 GB ROM | Expandable Upto 2 TB17.48 cm (6.88 inch) HD+ Display32MP Rear Camera | 8MP Front Camera5200 mAh BatteryUnisoc T7250
Max clock speed: 
2 x A75@1.8GHz
6 x A55@1.6GHz Processor1 Year Manufacturer Warranty for Phone and 6 Months Warranty for In the Box Accessories",mobiles,Flipkart,https://www.flipkart.com/search?q=smartphones&page=3,2026-04-21 15:31:38,
"POCO M8 (Frost Silver, 256 GB)",21999,24999.0,12.0,12.0,4.5,8 GB RAM | 256 GB ROM | Expandable Upto 1 TB17.2 cm (6.77 inch) Full HD+ Display50MP Rear Camera | 20MP Front Camera5520 mAh Battery1 Year Manufacturer Warranty for Phone and 6 Months Warranty for In the Box Accessories,mobiles,Flipkart,https://www.flipkart.com/search?q=smartphones&page=3,2026-04-21 15:31:38,
"POCO M6 Plus 5G (Graphite Black, 128 GB)",14499,17999.0,19.0,19.45,4.2,8 GB RAM | 128 GB ROM | Expandable Upto 1 TB17.25 cm (6.79 inch) Full HD+ Display108MP + 2MP | 13MP Front Camera5030 mAh BatterySnapdragon 4 Gen2 AE Processor1 Year Manufacturer Warranty for Phone and 6 Months Warranty for In the Box Accessories,mobiles,Flipkart,https://www.flipkart.com/search?q=smartphones&page=3,2026-04-21 15:31:38,
"MOTOROLA G96 5G (Pantone Dresden Blue, 128 GB)",18999,20999.0,9.0,9.52,4.4,8 GB RAM | 128 GB ROM16.94 cm (6.67 inch) Full HD+ Display50MP + 8MP | 32MP Front Camera5500 mAh Battery7s Gen 2 Processor1 Year Warranty on Handset and 6 Months Warranty on Accessories,mobiles,Flipkart,https://www.flipkart.com/search?q=smartphones&page=3,2026-04-21 15:31:38,
"MOTOROLA g35 5G (Guava Red, 128 GB)",12499,,,,4.2,4 GB RAM | 128 GB ROM | Expandable Upto 1 TB17.07 cm (6.72 inch) Full HD+ Display50MP + 8MP | 16MP Front Camera5000 mAh BatteryT760 Processor12 5G Bands with VoNR|4K Video Recording|Vision Booster Technology1 Year on Handset and 6 Months on Accessories,mobiles,Flipkart,https://www.flipkart.com/search?q=smartphones&page=3,2026-04-21 15:31:38,
"POCO C75 5G (Aqua Bliss, 128 GB)",11499,,,,4.2,4 GB RAM | 128 GB ROM | Expandable Upto 1 TB17.48 cm (6.88 inch) HD+ Display50MP Rear Camera | 5MP Front Camera5160 mAh Battery4s Gen 2 5G Processor1 Year Manufacturer Warranty for Phone and 6 Months Warranty for In the Box Accessories,mobiles,Flipkart,https://www.flipkart.com/search?q=smartphones&page=3,2026-04-21 15:31:38,
"vivo T4R 5G (Arctic White, 128 GB)",22999,23499.0,2.0,2.13,4.5,8 GB RAM | 128 GB ROM17.2 cm (6.77 inch) Display50MP (OIS) + 2MP | 32MP Front Camera5700 mAh BatteryDimensity 7400 5G Processor1 Year Manufacturer Warranty for Device and 6 Months Manufacturer Warranty for Inbox Accessories,mobiles,Flipkart,https://www.flipkart.com/search?q=smartphones&page=3,2026-04-21 15:31:38,
"Samsung Galaxy F06 5G (Lit Violet, 64 GB)",11499,12499.0,8.0,8.0,4.2,4 GB RAM | 64 GB ROM | Expandable Upto 1500 GB17.02 cm (6.7 inch) HD+ Display50MP + 2MP | 8MP Front Camera5000 mAh BatteryDimensity 6300 Processor1 Year Manufacturer Warranty for Device and 6 Months for In-Box Accessories,mobiles,Flipkart,https://www.flipkart.com/search?q=smartphones&page=3,2026-04-21 15:31:38,
"Nothing Phone (3a) Lite (Black, 128 GB)",21999,22999.0,4.0,4.35,4.5,8 GB RAM | 128 GB ROM43.66 cm (17.19 cm) Full HD+ Display50MP + 8MP + 2MP | 16MP Front Camera5000 mAh Lithium ion BatteryMediaTek Dimensity 7300 Pro Processor1 Year Manufacturing Warranty,mobiles,Flipkart,https://www.flipkart.com/search?q=smartphones&page=3,2026-04-21 15:31:38,
"POCO C75 5G (Silver Stardust, 64 GB)",10999,,,,4.2,4 GB RAM | 64 GB ROM | Expandable Upto 1 TB17.48 cm (6.88 inch) HD+ Display50MP Rear Camera | 5MP Front Camera5160 mAh Battery4s Gen 2 5G Processor1 Year Manufacturer Warranty for Phone and 6 Months Warranty for In the Box Accessories,mobiles,Flipkart,https://www.flipkart.com/search?q=smartphones&page=3,2026-04-21 15:31:38,
"POCO M8 (Glacial Blue, 128 GB)",17999,21999.0,18.0,18.18,4.4,6 GB RAM | 128 GB ROM | Expandable Upto 1 TB17.2 cm (6.77 inch) Full HD+ Display50MP Rear Camera | 20MP Front Camera5520 mAh Battery1 Year Manufacturer Warranty for Phone and 6 Months Warranty for In the Box Accessories,mobiles,Flipkart,https://www.flipkart.com/search?q=smartphones&page=3,2026-04-21 15:31:38,
"OnePlus Nord CE5 5G (Black Infinity, 128 GB)",28530,28999.0,1.0,1.62,4.5,8 GB RAM | 128 GB ROM17.2 cm (6.77 inch) Display50MP Rear Camera7100 mAh Battery1 Year Warranty,mobiles,Flipkart,https://www.flipkart.com/search?q=smartphones&page=3,2026-04-21 15:31:38,
"Samsung Galaxy F06 5G (Lit Violet, 128 GB)",13999,15499.0,9.0,9.68,4.2,6 GB RAM | 128 GB ROM | Expandable Upto 1500 GB17.02 cm (6.7 inch) HD+ Display50MP + 2MP | 8MP Front Camera5000 mAh BatteryDimensity 6300 Processor1 Year Manufacturer Warranty for Device and 6 Months for In-Box Accessories,mobiles,Flipkart,https://www.flipkart.com/search?q=smartphones&page=3,2026-04-21 15:31:38,
"MOTOROLA Edge 70 Fusion (Pantone SILHOUETTE, 256 GB)",32999,49999.0,34.0,34.0,4.4,12 GB RAM | 256 GB ROM17.27 cm (6.8 inch) Super HD Display50MP + 13MP | 32MP Front Camera7000 mAh BatterySnapdragon 7s Gen 4 Processor1 Year on Handset and 6 Months on Accessories,mobiles,Flipkart,https://www.flipkart.com/search?q=smartphones&page=4,2026-04-21 15:31:50,
"POCO X8 Pro (Black, 256 GB)",32999,43999.0,25.0,25.0,4.4,8 GB RAM | 256 GB ROM16.74 cm (6.59 inch) Full HD+ AMOLED Display50MP + 8MP | 20MP Front Camera6500 mAh Lithium-Ion Polymer With Silicon Carbon Technology BatteryDimensity 8500-Ultra Processor1 Year Manufacturer Warranty for Phone and 6 Months Warranty for In the Box Accessories,mobiles,Flipkart,https://www.flipkart.com/search?q=smartphones&page=4,2026-04-21 15:31:50,
"Samsung M06 5G (Sage Green, 128 GB)",12349,13999.0,11.0,11.79,4.1,4 GB RAM | 128 GB ROM17.02 cm (6.7 inch) Display50MP Rear Camera5000 mAh Battery1 Year Manufacturer Warranty for Phone and 6 Months Warranty for In the Box Accessories,mobiles,Flipkart,https://www.flipkart.com/search?q=smartphones&page=4,2026-04-21 15:31:50,
"POCO C71  - Locked with Airtel Prepaid (Power Black, 64 GB)",8999,,,,3.9,"4 GB RAM | 64 GB ROM | Expandable Upto 2 TB17.48 cm (6.88 inch) HD+ Display32MP Rear Camera | 8MP Front Camera5200 mAh BatteryUnisoc T7250
Max clock speed: 
2 x A75@1.8GHz
6 x A55@1.6GHz Processor1 Year Manufacturer Warranty for Phone and 6 Months Warranty for In the Box Accessories",mobiles,Flipkart,https://www.flipkart.com/search?q=smartphones&page=4,2026-04-21 15:31:50,
"vivo T4R 5G (Twilight Blue, 256 GB)",24999,,,,4.5,8 GB RAM | 256 GB ROM17.2 cm (6.77 inch) Display50MP (OIS) + 2MP | 32MP Front Camera5700 mAh BatteryDimensity 7400 5G Processor1 Year Manufacturer Warranty for Device and 6 Months Manufacturer Warranty for Inbox Accessories,mobiles,Flipkart,https://www.flipkart.com/search?q=smartphones&page=4,2026-04-21 15:31:50,
"Samsung M06 5G (Sage Green, 128 GB)",13748,15497.0,11.0,11.29,4.1,6 GB RAM | 128 GB ROM17.02 cm (6.7 inch) Display50MP Rear Camera5000 mAh Battery1 Year Manufacturer Warranty for Phone and 6 Months Warranty for In the Box Accessories,mobiles,Flipkart,https://www.flipkart.com/search?q=smartphones&page=4,2026-04-21 15:31:50,
"REDMI 15 5G (Midnight Black, 256 GB)",21999,22499.0,2.0,2.22,4.3,8 GB RAM | 256 GB ROM17.53 cm (6.9 inch) Display50MP Rear Camera7000 mAh Battery1 year manufacturer warranty for device and 6 months manufacturer warranty for in-box accessories including batteries from the date of purchase,mobiles,Flipkart,https://www.flipkart.com/search?q=smartphones&page=4,2026-04-21 15:31:50,
"realme P4x 5G (Matte Silver, 128 GB)",17499,18999.0,7.0,7.9,4.4,8 GB RAM | 128 GB ROM17.07 cm (6.72 inch) Full HD+ Display50MP + 2MP | 8MP Front Camera7000 mAh BatteryDimensity 7400 Ultra Processor1 Year Manufacturer Warranty for Phone and 6 Months Warranty for In-Box Accessories,mobiles,Flipkart,https://www.flipkart.com/search?q=smartphones&page=4,2026-04-21 15:31:50,
"MOTOROLA Edge 70 Fusion (Pantone BLUE SURF, 128 GB)",26999,42999.0,37.0,37.21,4.4,8 GB RAM | 128 GB ROM17.27 cm (6.8 inch) Super HD Display50MP + 13MP | 32MP Front Camera7000 mAh BatterySnapdragon 7s Gen 4 Processor1 Year on Handset and 6 Months on Accessories,mobiles,Flipkart,https://www.flipkart.com/search?q=smartphones&page=4,2026-04-21 15:31:50,
"POCO C85 5G (Mystic Purple, 128 GB)",12999,14499.0,10.0,10.35,4.1,4 GB RAM | 128 GB ROM | Expandable Upto 1 TB17.53 cm (6.9 inch) HD+ Display50MP Rear Camera | 8MP Front Camera6000 mAh Lithium-Ion Polymer BatteryDimensity 6300 Processor1 Year Manufacturer Warranty for Phone and 6 Months Warranty for In the Box Accessories,mobiles,Flipkart,https://www.flipkart.com/search?q=smartphones&page=4,2026-04-21 15:31:50,
"POCO C75 5G (Aqua Bliss, 64 GB)",10999,,,,4.2,4 GB RAM | 64 GB ROM | Expandable Upto 1 TB17.48 cm (6.88 inch) HD+ Display50MP Rear Camera | 5MP Front Camera5160 mAh Battery4s Gen 2 5G Processor1 Year Manufacturer Warranty for Phone and 6 Months Warranty for In the Box Accessories,mobiles,Flipkart,https://www.flipkart.com/search?q=smartphones&page=4,2026-04-21 15:31:50,
"Ai+ Nova 5G (Pink, 128 GB)",12999,,,,4.0,8 GB RAM | 128 GB ROM | Expandable Upto 1 TB17.13 cm (6.745 inch) HD+ Display50MP Rear Camera | 5MP Front Camera5000 mAh BatteryT8200 Processor1 Year Warranty on Handset and 6 Months Warranty on the Inbox Accessories,mobiles,Flipkart,https://www.flipkart.com/search?q=smartphones&page=4,2026-04-21 15:31:50,
"vivo T4x 5G (Pronto Purple, 128 GB)",16999,17999.0,5.0,5.56,4.5,6 GB RAM | 128 GB ROM17.07 cm (6.72 inch) Display50MP + 2MP | 8MP Front Camera6500 mAh BatteryDimensity 7300 5G Processor1 Year Warranty for Device and 6 Months Warranty for Accessories,mobiles,Flipkart,https://www.flipkart.com/search?q=smartphones&page=4,2026-04-21 15:31:50,
"MOTOROLA G96 5G (Pantone Greener Pastures, 128 GB)",18999,20999.0,9.0,9.52,4.4,8 GB RAM | 128 GB ROM16.94 cm (6.67 inch) Full HD+ Display50MP + 8MP | 32MP Front Camera5500 mAh Battery7s Gen 2 Processor1 Year Warranty on Handset and 6 Months Warranty on Accessories,mobiles,Flipkart,https://www.flipkart.com/search?q=smartphones&page=4,2026-04-21 15:31:50,
"vivo T4 Pro 5G (Blaze Gold, 256 GB)",29999,34999.0,14.0,14.29,4.5,8 GB RAM | 256 GB ROM17.2 cm (6.77 inch) Display50MP + 2MP + 50MP | 32MP Front Camera6500 mAh Battery7 Gen 4 Processor1 Year Manufacturer Warranty for Device and 6 Months Manufacturer Warranty for Inbox Accessories,mobiles,Flipkart,https://www.flipkart.com/search?q=smartphones&page=4,2026-04-21 15:31:50,
"MOTOROLA g35 5G (Midnight Black, 128 GB)",13999,15499.0,9.0,9.68,4.2,8 GB RAM | 128 GB ROM | Expandable Upto 1 TB17.07 cm (6.72 inch) Full HD+ Display50MP + 8MP | 16MP Front Camera5000 mAh BatteryT760 Processor12 5G Bands with VoNR|4K Video Recording|Vision Booster Technology1 Year on Handset and 6 Months on Accessories,mobiles,Flipkart,https://www.flipkart.com/search?q=smartphones&page=4,2026-04-21 15:31:50,
"realme P4 5G (Steel Grey, 256 GB)",23999,,,,4.4,8 GB RAM | 256 GB ROM17.2 cm (6.77 inch) Display50MP + 8MP | 16MP Front Camera7000 mAh BatteryMediatek Dimensity 7400 Processor1 Year Manufacturer Warranty for Device and 6 Months Manufacturer Warranty for Inbox Accessories,mobiles,Flipkart,https://www.flipkart.com/search?q=smartphones&page=4,2026-04-21 15:31:50,
"realme P4 5G (Engine Blue, 128 GB)",20999,,,,4.4,6 GB RAM | 128 GB ROM17.2 cm (6.77 inch) Display50MP + 8MP | 16MP Front Camera7000 mAh BatteryMediatek Dimensity 7400 Processor1 Year Manufacturer Warranty for Device and 6 Months Manufacturer Warranty for Inbox Accessories,mobiles,Flipkart,https://www.flipkart.com/search?q=smartphones&page=4,2026-04-21 15:31:50,
"realme P4 5G (Steel Grey, 128 GB)",21999,,,,4.4,8 GB RAM | 128 GB ROM17.2 cm (6.77 inch) Display50MP + 8MP | 16MP Front Camera7000 mAh BatteryMediatek Dimensity 7400 Processor1 Year Manufacturer Warranty for Device and 6 Months Manufacturer Warranty for Inbox Accessories,mobiles,Flipkart,https://www.flipkart.com/search?q=smartphones&page=4,2026-04-21 15:31:50,
"realme C71 (Sea Blue, 128 GB)",9699,10999.0,11.0,11.82,4.2,6 GB RAM | 128 GB ROM | Expandable Upto 2 TB17.14 cm (6.75 inch) HD+ Display13MP Rear Camera | 5MP Front Camera6300 mAh BatteryT7250 Processor1 Year Manufacturer Warranty for Device and 6 Months Manufacturer Warranty for Inbox Accessories,mobiles,Flipkart,https://www.flipkart.com/search?q=smartphones&page=4,2026-04-21 15:31:50,
"POCO C71 (Power Black, 128 GB)",9999,,,,4.1,"6 GB RAM | 128 GB ROM | Expandable Upto 2 TB17.48 cm (6.88 inch) HD+ Display32MP Rear Camera | 8MP Front Camera5200 mAh BatteryUnisoc T7250
Max clock speed: 
2 x A75@1.8GHz
6 x A55@1.6GHz Processor1 Year Manufacturer Warranty for Phone and 6 Months Warranty for In the Box Accessories",mobiles,Flipkart,https://www.flipkart.com/search?q=smartphones&page=5,2026-04-21 15:32:01,
"MOTOROLA G96 5G (Pantone Greener Pastures, 256 GB)",19999,22999.0,13.0,13.04,4.4,8 GB RAM | 256 GB ROM16.94 cm (6.67 inch) Full HD+ Display50MP + 8MP | 32MP Front Camera5500 mAh Battery7s Gen 2 Processor1 Year Warranty on Handset and 6 Months Warranty on Accessories,mobiles,Flipkart,https://www.flipkart.com/search?q=smartphones&page=5,2026-04-21 15:32:01,
"vivo T4 Lite 5G Charger in the Box (Prism Blue, 64 GB)",12999,,,,4.4,4 GB RAM | 64 GB ROM | Expandable Upto 2 TB17.12 cm (6.74 inch) HD+ Display50MP + 2MP | 5MP Front Camera6000 mAh BatteryDimensity 6300 5G Processor1 Year Manufacturer Warranty for Device and 6 Months Manufacturer Warranty for Inbox Accessories,mobiles,Flipkart,https://www.flipkart.com/search?q=smartphones&page=5,2026-04-21 15:32:01,
"POCO M7 5G - Locked with Airtel Prepaid (Ocean Blue, 128 GB)",12999,,,,3.7,6 GB RAM | 128 GB ROM | Expandable Upto 1 TB17.48 cm (6.88 inch) HD+ Display50MP Rear Camera | 8MP Front Camera5160 mAh Battery4 Gen 2 5G Processor1 Year Manufacturer Warranty for Phone and 6 Months Warranty for In the Box Accessories,mobiles,Flipkart,https://www.flipkart.com/search?q=smartphones&page=5,2026-04-21 15:32:01,
"MOTOROLA Edge 70 Fusion (Pantone BLUE SURF, 256 GB)",29999,45999.0,34.0,34.78,4.4,8 GB RAM | 256 GB ROM17.27 cm (6.8 inch) Super HD Display50MP + 13MP | 32MP Front Camera7000 mAh BatterySnapdragon 7s Gen 4 Processor1 Year on Handset and 6 Months on Accessories,mobiles,Flipkart,https://www.flipkart.com/search?q=smartphones&page=5,2026-04-21 15:32:01,
"Ai+ Pulse 2 (Purple, 128 GB)",9499,11999.0,20.0,20.84,4.1,6 GB RAM | 128 GB ROM | Expandable Upto 1 TB17.13 cm (6.745 inch) HD+ Display50MP Rear Camera | 8MP Front Camera6000 mAh BatteryT7250 Processor1 Year Warranty on Handset and 6 Months Warranty on the Inbox Accessories,mobiles,Flipkart,https://www.flipkart.com/search?q=smartphones&page=5,2026-04-21 15:32:01,
"vivo T4 5G (Phantom Grey, 128 GB)",24999,25999.0,3.0,3.85,4.5,8 GB RAM | 128 GB ROM17.2 cm (6.77 inch) Display50MP (OIS) + 2MP | 32MP Front Camera7300 mAh BatterySnapdragon 7s Gen 3 5G Processor1 Year Warranty on the Handset and 6 Months Warranty on Inbox Accessories,mobiles,Flipkart,https://www.flipkart.com/search?q=smartphones&page=5,2026-04-21 15:32:01,
"OnePlus Nord 6 (Quick Silver, 256 GB)",39500,52999.0,25.0,25.47,4.7,"8 GB RAM | 256 GB ROM | Expandable Upto 256 GB17.22 cm (6.78 inch) Full HD+ Display50MP Rear Camera9000 mAh Battery4 octa-core processor Processorone-year limited warranty starting from the date of delivery, covering manufacturing defects in materials and workmanship",mobiles,Flipkart,https://www.flipkart.com/search?q=smartphones&page=5,2026-04-21 15:32:01,
"vivo T4x 5G (Pronto Purple, 128 GB)",18999,19499.0,2.0,2.56,4.4,8 GB RAM | 128 GB ROM17.07 cm (6.72 inch) Display50MP + 2MP | 8MP Front Camera6500 mAh BatteryDimensity 7300 5G Processor1 Year Warranty for Device and 6 Months Warranty for Accessories,mobiles,Flipkart,https://www.flipkart.com/search?q=smartphones&page=5,2026-04-21 15:32:01,
"realme C71 (Sea Blue, 64 GB)",12849,13999.0,8.0,8.21,4.3,4 GB RAM | 64 GB ROM | Expandable Upto 2 TB17.14 cm (6.75 inch) HD+ Display13MP Rear Camera | 5MP Front Camera6300 mAh BatteryT7250 Processor1 Year Manufacturer Warranty for Device and 6 Months Manufacturer Warranty for Inbox Accessories,mobiles,Flipkart,https://www.flipkart.com/search?q=smartphones&page=5,2026-04-21 15:32:01,
"Ai+ Pulse 1 (Green, 64 GB)",7999,,,,4.3,4 GB RAM | 64 GB ROM | Expandable Upto 1 TB17.13 cm (6.745 inch) HD+ Display50MP Rear Camera | 5MP Front Camera5000 mAh BatteryT615 Processor1 Year Warranty on Handset and 6 Months Warranty on the Inbox Accessories,mobiles,Flipkart,https://www.flipkart.com/search?q=smartphones&page=5,2026-04-21 15:32:01,
"MOTOROLA G96 5G (Pantone Dresden Blue, 256 GB)",19999,22999.0,13.0,13.04,4.4,8 GB RAM | 256 GB ROM16.94 cm (6.67 inch) Full HD+ Display50MP + 8MP | 32MP Front Camera5500 mAh Battery7s Gen 2 Processor1 Year Warranty on Handset and 6 Months Warranty on Accessories,mobiles,Flipkart,https://www.flipkart.com/search?q=smartphones&page=5,2026-04-21 15:32:01,
"MOTOROLA g05 (Plum Red, 64 GB)",7299,9999.0,27.0,27.0,4.2,4 GB RAM | 64 GB ROM | Expandable Upto 1 TB16.94 cm (6.67 inch) HD+ Display50MP Rear Camera | 8MP Front Camera5100 mAh BatteryHelio G81 Processor1 Year Warranty on Handset and 6 Months Warranty on Accessories,mobiles,Flipkart,https://www.flipkart.com/search?q=smartphones&page=5,2026-04-21 15:32:01,
"realme P4 5G (Forge Red, 128 GB)",20999,,,,4.4,6 GB RAM | 128 GB ROM17.2 cm (6.77 inch) Display50MP + 8MP | 16MP Front Camera7000 mAh BatteryMediatek Dimensity 7400 Processor1 Year Manufacturer Warranty for Device and 6 Months Manufacturer Warranty for Inbox Accessories,mobiles,Flipkart,https://www.flipkart.com/search?q=smartphones&page=5,2026-04-21 15:32:01,
"Tecno Spark Go 1 (Magic Skin Green, 64 GB)",6899,8599.0,19.0,19.77,4.3,3 GB RAM | 64 GB ROM | Expandable Upto 1 TB16.94 cm (6.67 inch) Display13MP Rear Camera | 8MP Front Camera5000 mAh BatteryUnisoc T61 Processor1 Year Manufacturer Warranty for Phone,mobiles,Flipkart,https://www.flipkart.com/search?q=smartphones&page=5,2026-04-21 15:32:01,
"POCO F7 5G (Frost White, 256 GB)",35999,,,,4.4,"12 GB RAM | 256 GB ROM17.35 cm (6.83 inch) Display50MP Rear Camera | 20MP Front Camera7550 mAh Li-Polymer + Silicon Carbon Battery8s Gen 4 ProcessorRear Camera -50MP Main Camera -8MP Ultra-wide Camera with night mode and ultra-wide video recordingFront camera -20MP with Portrait Mode | | Front Video Recording | Night ModeDisplay -6.83 inch 1.5K pOLED with 120 Hz refresh rateBattery 7550mAh, 90W charger, 22.5W reverse charging1 Year Manufacturer Warranty for Phone and 6 Months Warranty for In the Box Accessories",mobiles,Flipkart,https://www.flipkart.com/search?q=smartphones&page=5,2026-04-21 15:32:01,
"POCO F7 5G (Frost White, 512 GB)",37999,,,,4.4,"12 GB RAM | 512 GB ROM17.35 cm (6.83 inch) Display50MP Rear Camera | 20MP Front Camera7550 mAh Li-Polymer + Silicon Carbon Battery8s Gen 4 ProcessorRear Camera -50MP Main Camera -8MP Ultra-wide Camera with night mode and ultra-wide video recordingFront camera -20MP with Portrait Mode | | Front Video Recording | Night ModeDisplay -6.83 inch 1.5K pOLED with 120 Hz refresh rateBattery 7550mAh, 90W charger, 22.5W reverse charging1 Year Manufacturer Warranty for Phone and 6 Months Warranty for In the Box Accessories",mobiles,Flipkart,https://www.flipkart.com/search?q=smartphones&page=5,2026-04-21 15:32:01,
"MOTOROLA Edge 60 Fusion 5G (PANTONE Mykonos Blue, 256 GB)",26999,27999.0,3.0,3.57,4.4,12 GB RAM | 256 GB ROM | Expandable Upto 1 TB16.94 cm (6.67 inch) Display50MP + 13MP | 32MP Front Camera5500 mAh BatteryDimensity 7400 Processor68W Charger1 Year Warranty on Handset and 6 Months Warranty on Accessories,mobiles,Flipkart,https://www.flipkart.com/search?q=smartphones&page=5,2026-04-21 15:32:01,
"vivo T4 Lite 5G Charger in the Box (Titanium Gold, 128 GB)",13999,,,,4.4,4 GB RAM | 128 GB ROM | Expandable Upto 2 TB17.12 cm (6.74 inch) HD+ Display50MP + 2MP | 5MP Front Camera6000 mAh BatteryDimensity 6300 5G Processor1 Year Manufacturer Warranty for Device and 6 Months Manufacturer Warranty for Inbox Accessories,mobiles,Flipkart,https://www.flipkart.com/search?q=smartphones&page=5,2026-04-21 15:32:01,
"POCO C85 5G (Spring Green, 128 GB)",12999,14499.0,10.0,10.35,4.1,4 GB RAM | 128 GB ROM | Expandable Upto 1 TB17.53 cm (6.9 inch) HD+ Display50MP Rear Camera | 8MP Front Camera6000 mAh Lithium-Ion Polymer BatteryDimensity 6300 Processor1 Year Manufacturer Warranty for Phone and 6 Months Warranty for In the Box Accessories,mobiles,Flipkart,https://www.flipkart.com/search?q=smartphones&page=5,2026-04-21 15:32:01,
ASUS Chromebook CX14 Intel Celeron Dual Core N4500 - (4 GB/64 GB EMMC Storage/Chrome OS) CX1405CKA-NK0...,17990,21990.0,18.0,18.19,3.9,Intel Celeron Dual Core Processor4 GB LPDDR4X RAMChrome Operating System35.56 cm (14 Inch) DisplayMyASUS1 Year Onsite Warranty,laptops,Flipkart,https://www.flipkart.com/search?q=laptops&page=1,2026-04-21 15:32:12,
DELL Inspiron 15 Microsoft Office Home 2024 Intel Core i7 13th Gen 1355U - (16 GB/512 GB SSD/Windows 1...,69990,73911.0,5.0,5.31,4.2,Intel Core i7 Processor (13th Gen)16 GB DDR4 RAMWindows 11 Operating System512 GB SSD39.62 cm (15.6 Inch) DisplayMicrosoft Office Home 2024 | Dell Support Assist1 Year Onsite Hardware Service,laptops,Flipkart,https://www.flipkart.com/search?q=laptops&page=1,2026-04-21 15:32:12,
Lenovo Yoga Slim 7 Ultra 9 185H WUXGA OLED with 1Yr ADP Intel Core Ultra 9 185H - (32 GB/1 TB SSD/Wind...,114990,158090.0,27.0,27.26,4.7,Intel Core Ultra 9 Processor32 GB LPDDR5 RAMWindows 11 Operating System1 TB SSD35.56 cm (14 inch) Display1 Year Courier/ Carry-in Warranty,laptops,Flipkart,https://www.flipkart.com/search?q=laptops&page=1,2026-04-21 15:32:12,
ASUS ExpertBook P1 (i5 14th Gen) with 1 Yr ADP Intel Core 5 210H - (16 GB/512 GB SSD/Windows 11 Home) ...,55990,89990.0,37.0,37.78,4.3,Intel Core 5 Processor16 GB DDR5 RAM64 bit Windows 11 Home Operating System512 GB SSD39.62 cm (15.6 Inch) Display1 Year Limited Warranty,laptops,Flipkart,https://www.flipkart.com/search?q=laptops&page=1,2026-04-21 15:32:12,
HP Victus Intel Core i5 13th Gen 13420H - (16 GB/512 GB SSD/Windows 11 Home/6 GB Graphics/NVIDIA GeFor...,83615,107999.0,22.0,22.58,4.2,Intel Core i5 Processor (13th Gen)16 GB DDR4 RAMWindows 11 Home Operating System512 GB SSD39.62 cm (15.6 Inch) Display1 Year Carry-in Warranty,laptops,Flipkart,https://www.flipkart.com/search?q=laptops&page=1,2026-04-21 15:32:12,
ASUS Chromebook CX15 Intel Celeron Dual Core N50 - (4 GB/128 GB EMMC Storage/Chrome OS) CX1505CTA-S702...,22990,26990.0,14.0,14.82,4.5,Intel Celeron Dual Core Processor4 GB LPDDR5 RAMChrome Operating System39.62 cm (15.6 inch) DisplayMyASUS1 Year Onsite Warranty,laptops,Flipkart,https://www.flipkart.com/search?q=laptops&page=1,2026-04-21 15:32:12,
Lenovo Chromebook MediaTek Kompanio 520 - (8 GB/128 GB EMMC Storage/Chrome OS) 14M868 Thin and Light L...,21990,30790.0,28.0,28.58,3.9,MediaTek Kompanio 520 Processor8 GB LPDDR4X RAMChrome Operating System35.56 cm (14 Inch) Display1 Year Carry-in Warranty,laptops,Flipkart,https://www.flipkart.com/search?q=laptops&page=1,2026-04-21 15:32:12,
HP 15 with Backlit Keyboard & Office 2024 AMD Ryzen 7 Octa Core 5825U - (16 GB/512 GB SSD/Windows 11 H...,57813,71990.0,19.0,19.69,4.1,AMD Ryzen 7 Octa Core Processor16 GB DDR4 RAMWindows 11 Home Operating System512 GB SSD39.62 cm (15.6 Inch) DisplayMS Office Home 2024 + MISC PC Game Pass DA 3M1 Year Onsite Warranty,laptops,Flipkart,https://www.flipkart.com/search?q=laptops&page=1,2026-04-21 15:32:12,
Acer Aspire Lite AMD Ryzen 3 Quad Core 5300U - (8 GB/512 GB SSD/Windows 11 Home) AL15-41 Thin and Ligh...,39990,44990.0,11.0,11.11,4.1,AMD Ryzen 3 Quad Core Processor8 GB DDR4 RAMWindows 11 Operating System512 GB SSD39.62 cm (15.6 Inch) Display1 Year Carry-in Warranty,laptops,Flipkart,https://www.flipkart.com/search?q=laptops&page=1,2026-04-21 15:32:12,
ASUS Vivobook Go 15 AMD Ryzen 5 Quad Core 7520U - (8 GB/512 GB SSD/Windows 11 Home) E1504FA-NJ133WS | ...,40990,50990.0,19.0,19.61,4.3,AMD Ryzen 5 Quad Core Processor8 GB LPDDR5 RAMWindows 11 Home Operating System512 GB SSD39.62 cm (15.6 Inch) DisplayMicrosoft Office Home 2024 + Microsoft 365 Basic1 Year Onsite Warranty,laptops,Flipkart,https://www.flipkart.com/search?q=laptops&page=1,2026-04-21 15:32:12,
MOTOROLA Motobook 60 Pro Full Metal OLED AI PC Intel Core Ultra 5 225H - (16 GB/512 GB SSD/Windows 11 ...,62990,104990.0,40.0,40.0,4.4,Intel Core Ultra 5 Processor16 GB DDR5 RAM64 bit Windows 11 Operating System512 GB SSD35.56 cm (14 inch) DisplayOffice Home & Student 20241 Year Onsite Warranty,laptops,Flipkart,https://www.flipkart.com/search?q=laptops&page=1,2026-04-21 15:32:12,
DELL 15 Microsoft Office Home 2024 Intel Core i5 13th Gen - (16 GB/512 GB SSD/Windows 11 Home) Vostro ...,62790,74829.0,16.0,16.09,4.3,Intel Core i5 Processor (13th Gen)16 GB DDR4 RAMWindows 11 Operating System512 GB SSD39.62 cm (15.6 Inch) DisplayMicrosoft Office Home 2024 | Dell Support Assist1 Year Onsite Hardware Service,laptops,Flipkart,https://www.flipkart.com/search?q=laptops&page=1,2026-04-21 15:32:12,
HP OmniBook 5(Previously Pavilion) Intel Core i5 13th Gen 1334U - (16 GB/512 GB SSD/Windows 11 Home) 1...,59990,78778.0,23.0,23.85,4.5,Intel Core i5 Processor (13th Gen)16 GB LPDDR5X RAMWindows 11 Operating System512 GB SSD40.64 cm (16 Inch) Display1 Year Onsite Service,laptops,Flipkart,https://www.flipkart.com/search?q=laptops&page=1,2026-04-21 15:32:12,
ASUS Vivobook 15 (2025) with Office 2024 + M365 Basic* Intel Core i3 13th Gen - (8 GB/512 GB SSD/Windo...,40990,50990.0,19.0,19.61,4.3,Intel Core i3 Processor (13th Gen)8 GB DDR5 RAMWindows 11 Home Operating System512 GB SSD39.62 cm (15.6 Inch) DisplayMicrosoft Office Home 2024 + Microsoft 365 Basic1 Year Onsite Warranty,laptops,Flipkart,https://www.flipkart.com/search?q=laptops&page=1,2026-04-21 15:32:12,
Ultimus Pro Intel Dual Core N4020 - (4 GB/128 GB EMMC Storage/Windows 11 Home) NU14U3CNC43BN-MB Thin a...,15905,27990.0,43.0,43.18,3.7,Intel Dual Core Processor4 GB DDR4 RAM64 bit Windows 11 Home Operating System35.81 cm (14.1 Inch) DisplayPre loaded windows APP1 Year Manufacturing Warranty,laptops,Flipkart,https://www.flipkart.com/search?q=laptops&page=1,2026-04-21 15:32:12,
Ultimus APEX Pro Intel Pentium Quad Core N4200 - (4 GB/128 GB SSD/128 GB EMMC Storage/Windows 11 Home)...,16499,24999.0,34.0,34.0,3.5,Intel Pentium Quad Core Processor4 GB DDR3 RAM64 bit Windows 11 Home Operating System128 GB SSD35.81 cm (14.1 Inch) DisplayPre loaded windows APP1 Year Manufacturing Warranty (Battery And Charger Only 6 Month Warranty),laptops,Flipkart,https://www.flipkart.com/search?q=laptops&page=1,2026-04-21 15:32:12,
ASUS Chromebook CX14 Intel Celeron Dual Core N50 - (4 GB/512 GB SSD/128 GB EMMC Storage/Chrome OS) CX1...,24990,,,,4.4,Intel Celeron Dual Core Processor4 GB LPDDR5 RAMChrome Operating System512 GB SSD35.56 cm (14 inch) DisplayMyASUS1 Year Onsite Warranty,laptops,Flipkart,https://www.flipkart.com/search?q=laptops&page=1,2026-04-21 15:32:12,
HP Victus AI AMD Ryzen 7 Octa Core 260 - (24 GB/1 TB SSD/Windows 11 Home/8 GB Graphics/NVIDIA GeForce ...,108282,120999.0,10.0,10.51,4.5,AMD Ryzen 7 Octa Core Processor24 GB DDR5 RAMWindows 11 Home Operating System1 TB SSD39.62 cm (15.6 Inch) DisplayMS Office Home 2024 + MISC PC Game Pass DA 3M1 Year Onsite Warranty,laptops,Flipkart,https://www.flipkart.com/search?q=laptops&page=1,2026-04-21 15:32:12,
HP Intel Core i7 13th Gen 13620H - (16 GB/512 GB SSD/Windows 11 Home) 15-fr0046TU Thin and Light Lapto...,71990,77507.0,7.0,7.12,4.3,Intel Core i7 Processor (13th Gen)16 GB DDR4 RAMWindows 11 Home Operating System512 GB SSD39.62 cm (15.6 Inch) Display1 Year Onsite Warranty,laptops,Flipkart,https://www.flipkart.com/search?q=laptops&page=1,2026-04-21 15:32:12,
DELL G15 Microsoft Office Home 2024 Intel Core i5 13th Gen 13450HX - (16 GB/1 TB SSD/Windows 11 Home/6...,79590,102225.0,22.0,22.14,4.2,Intel Core i5 Processor (13th Gen)16 GB DDR5 RAMWindows 11 Operating System1 TB SSD39.62 cm (15.6 Inch) DisplayMicrosoft Office Home 2024 | Dell Support Assist1 Year Onsite Warranty,laptops,Flipkart,https://www.flipkart.com/search?q=laptops&page=1,2026-04-21 15:32:12,
HP AMD Ryzen 7 Octa Core - (16 GB/512 GB SSD/Windows 11 Home) 15-fc0761AU Laptop,57990,65387.0,11.0,11.31,,AMD Ryzen 7 Octa Core Processor16 GB DDR4 RAMWindows 11 Home Operating System512 GB SSD39.62 cm (15.6 inch) DisplayMS Office Home 2024 + MISC PC Game Pass DA 3M1 Year Onsite Service,laptops,Flipkart,https://www.flipkart.com/search?q=laptops&page=1,2026-04-21 15:32:12,
Samsung Galaxy Book5 AI Metal Intel Core Ultra 7 255U - (16 GB/512 GB SSD/Windows 11 Home) NP750XHD Th...,79990,109990.0,27.0,27.28,4.5,Intel Core Ultra 7 Processor16 GB LPDDR5X RAM64 bit Windows 11 Operating System512 GB SSD39.62 cm (15.6 Inch) DisplayMS Office Home and Student 20241 Year Manufacturer Warranty for Laptop and 6 Months for In-Box Accessories,laptops,Flipkart,https://www.flipkart.com/search?q=laptops&page=1,2026-04-21 15:32:12,
Lenovo IdeaPad Slim 3 AMD Ryzen 7 Octa Core 8840H Office 2024 and Backlit Keyboard AMD Ryzen 7 Octa Co...,82990,94890.0,12.0,12.54,4.4,AMD Ryzen 7 Octa Core Processor24 GB DDR5 RAMWindows 11 Home Operating System1 TB SSD38.86 cm (15.3 Inch) DisplayOffice Home 20241 Year Onsite Warranty,laptops,Flipkart,https://www.flipkart.com/search?q=laptops&page=1,2026-04-21 15:32:12,
HP MS Office 2024 Intel Core i5 13th Gen 1334U - (8 GB/512 GB SSD/Windows 11 Home) fd0466TU Thin and L...,53990,60539.0,10.0,10.82,4.2,Intel Core i5 Processor (13th Gen)8 GB DDR4 RAMWindows 11 Home Operating System512 GB SSD39.62 cm (15.6 Inch) DisplayMicrosoft Office H&S Edition 20241 Year Carry-in Warranty,laptops,Flipkart,https://www.flipkart.com/search?q=laptops&page=2,2026-04-21 15:32:23,
DELL 15 Microsoft Office Home 2024 Intel Core i3 13th Gen 1305U - (16 GB/512 GB SSD/Windows 11 Home) 3...,46990,54479.0,13.0,13.75,4.2,Intel Core i3 Processor (13th Gen)16 GB DDR4 RAMWindows 11 Home Operating System512 GB SSD39.62 cm (15.6 Inch) DisplayMicrosoft Office Home 2024 | Dell Support Assist1 Year Onsite Hardware Service,laptops,Flipkart,https://www.flipkart.com/search?q=laptops&page=2,2026-04-21 15:32:23,
Acer Aspire 3 Intel Core i3 13th Gen 1305U - (16 GB/512 GB SSD/Windows 11 Home) A324-53 Thin and Light...,44990,44999.0,,0.02,4.3,Intel Core i3 Processor (13th Gen)16 GB DDR4 RAMWindows 11 Operating System512 GB SSD35.56 cm (14 Inch) Display1 Year Carry-in Warranty,laptops,Flipkart,https://www.flipkart.com/search?q=laptops&page=2,2026-04-21 15:32:23,
ASUS Vivobook Go 15 AMD Ryzen 3 Quad Core 7320U - (8 GB/512 GB SSD/Windows 11 Home) E1504FA-NJ130WS | ...,35490,43990.0,19.0,19.32,4.3,AMD Ryzen 3 Quad Core Processor8 GB LPDDR5 RAMWindows 11 Home Operating System512 GB SSD39.62 cm (15.6 Inch) DisplayMicrosoft Office Home 2024 + Microsoft 365 Basic1 Year Onsite Warranty,laptops,Flipkart,https://www.flipkart.com/search?q=laptops&page=2,2026-04-21 15:32:23,
"ASUS Vivobook 15, with Backlit Keyboard, Intel Core i3 13th Gen 1315U - (16 GB/512 GB SSD/Windows 11 H...",46990,54990.0,14.0,14.55,4.3,Intel Core i3 Processor (13th Gen)16 GB DDR4 RAMWindows 11 Home Operating System512 GB SSD39.62 cm (15.6 Inch) DisplayMicrosoft Office Home 2024 + Microsoft 365 Basic1 Year Onsite Warranty,laptops,Flipkart,https://www.flipkart.com/search?q=laptops&page=2,2026-04-21 15:32:23,
Acer Aspire 3 Intel Core i5 13th Gen 1334U - (16 GB/512 GB SSD/Windows 11 Home) A324-53 Thin and Light...,57375,59900.0,4.0,4.22,4.3,Intel Core i5 Processor (13th Gen)16 GB DDR4 RAMWindows 11 Operating System512 GB SSD35.56 cm (14 Inch) Display1 Year Carry-in Warranty,laptops,Flipkart,https://www.flipkart.com/search?q=laptops&page=2,2026-04-21 15:32:23,
"ASUS Vivobook 15 (2025) (i5 14th Gen) with MSO 2024 + M365 Basic*, Backlit Keyboard, Intel Core 5 120U...",58990,75000.0,21.0,21.35,4.3,"Intel Core 5 Processor16 GB DDR4 RAMWindows 11 Home Operating System512 GB SSD39.62 cm (15.6 Inch) DisplayMicrosoft Office Home 2024 (Lifetime Validity ) + Microsoft 365 Basic*(1-Year Validity), One-Month Membership of Adobe Creative Cloud All Apps, McAfee 1 year1 Year Onsite Warranty",laptops,Flipkart,https://www.flipkart.com/search?q=laptops&page=2,2026-04-21 15:32:23,
ASUS Vivobook Go 15 AMD Ryzen 3 Quad Core 7320U - (8 GB/512 GB SSD/Windows 11 Home) E1504FA-NJ131WS | ...,39990,43990.0,9.0,9.09,4.3,AMD Ryzen 3 Quad Core Processor8 GB LPDDR5 RAMWindows 11 Home Operating System512 GB SSD39.62 cm (15.6 Inch) DisplayMicrosoft Office Home 2024 + Microsoft 365 Basic1 Year Onsite Warranty,laptops,Flipkart,https://www.flipkart.com/search?q=laptops&page=2,2026-04-21 15:32:23,
Lenovo LOQ Essential Intel Core i7 12650HX - (16 GB/512 GB SSD/Windows 11 Home/6 GB Graphics/NVIDIA Ge...,94990,109990.0,13.0,13.64,4.2,Intel Core i7 Processor16 GB DDR5 RAMWindows 11 Home Operating System512 GB SSD39.62 cm (15.6 Inch) Display1 Year Carry-in Warranty,laptops,Flipkart,https://www.flipkart.com/search?q=laptops&page=2,2026-04-21 15:32:23,
Lenovo IdeaPad Slim 3 Backlit Keyboard with MSO'2024 Intel Core i5 13th Gen 13420H - (24 GB/1 TB SSD/W...,74490,87990.0,15.0,15.34,4.4,Intel Core i5 Processor (13th Gen)24 GB DDR5 RAMWindows 11 Home Operating System1 TB SSD38.86 cm (15.3 Inch) DisplayOffice Home 20241 Year Onsite Warranty,laptops,Flipkart,https://www.flipkart.com/search?q=laptops&page=2,2026-04-21 15:32:23,
Lenovo IdeaPad Slim 5 WUXGA OLED Full Metal Body with 1Yr ADP Intel Core i5 13th Gen 13420H - (16 GB/5...,69990,85390.0,18.0,18.03,4.4,Intel Core i5 Processor (13th Gen)16 GB DDR5 RAMWindows 11 Home Operating System512 GB SSD35.56 cm (14 Inch) DisplayOffice Home 20241 Year Onsite Warranty,laptops,Flipkart,https://www.flipkart.com/search?q=laptops&page=2,2026-04-21 15:32:23,
ASUS Vivobook Go 15 AMD Ryzen 5 Quad Core 7520U - (8 GB/512 GB SSD/Windows 11 Home) E1504FA-NJ132WS | ...,40990,50990.0,19.0,19.61,4.2,AMD Ryzen 5 Quad Core Processor8 GB LPDDR5 RAMWindows 11 Operating System512 GB SSD39.62 cm (15.6 Inch) Display1 Year Onsite Warranty,laptops,Flipkart,https://www.flipkart.com/search?q=laptops&page=2,2026-04-21 15:32:23,
HP 15 (i3 14th Gen) Intel Core 3 100U - (16 GB/512 GB SSD/Windows 11 Home) 15-fd0885TU Thin and Light ...,54990,59999.0,8.0,8.35,4.2,Intel Core 3 Processor16 GB DDR4 RAMWindows 11 Home Operating System512 GB SSD39.62 cm (15.6 inch) DisplayMS Office Home 2024 + MISC PC Game Pass DA 3M1 Year Onsite Warranty,laptops,Flipkart,https://www.flipkart.com/search?q=laptops&page=2,2026-04-21 15:32:23,
Lenovo Yoga 7 WUXGA-OLED with 1Yr ADP Intel Core i7 13th Gen 1360P - (16 GB/1 TB SSD/Windows 11 Home) ...,111990,162290.0,30.0,30.99,4.5,Intel Core i7 Processor (13th Gen)16 GB LPDDR5 RAMWindows 11 Operating System1 TB SSD35.56 cm (14 Inch) Touchscreen Display1Yr Warranty + 1 Yr Premium Care and 1 Yr Accidental Damage Protection,laptops,Flipkart,https://www.flipkart.com/search?q=laptops&page=2,2026-04-21 15:32:23,
DELL Inspiron 15 Microsoft Office Home 2024 Intel Core i5 13th Gen 1334U - (8 GB/512 GB SSD/Windows 11...,54990,63416.0,13.0,13.29,4.2,Intel Core i5 Processor (13th Gen)8 GB DDR4 RAM64 bit Windows 11 Operating System512 GB SSD39.62 cm (15.6 Inch) DisplayMicrosoft Office Home 2024 | Dell Support Assist1 Year Onsite Hardware Service,laptops,Flipkart,https://www.flipkart.com/search?q=laptops&page=2,2026-04-21 15:32:23,
HP 14 AI PC Intel Core Ultra 7 - (24 GB/1 TB SSD/Windows 11 Home) 14-ep1181TU Thin and Light Laptop,82990,88415.0,6.0,6.14,4.1,Intel Core Ultra 7 Processor24 GB DDR5 RAMWindows 11 Home Operating System1 TB SSD35.56 cm (14 Inch) Display1 Year Onsite Warranty,laptops,Flipkart,https://www.flipkart.com/search?q=laptops&page=2,2026-04-21 15:32:23,
ASUS Expertbook P1 with 1 Yr ADP Intel Core i3 13th Gen 1315U - (16 GB/512 GB SSD/Windows 11 Home) P15...,52690,74990.0,29.0,29.74,4.3,"Intel Core i3 Processor (13th Gen)16 GB DDR5 RAMWindows 11 Home Operating System512 GB SSD39.62 cm (15.6 Inch) DisplayIncluded Software- Microsoft Office Home 2024(includes Word, Excel, PowerPoint, and OneNote) (Lifetime Validity ) + Microsoft 365 Basic*(1-Year Validity), McAfee+TM Premium (1 year Validity)1 Year Onsite Warranty",laptops,Flipkart,https://www.flipkart.com/search?q=laptops&page=3,2026-04-21 15:32:33,
Lenovo IdeaPad Slim 3 with 1Yr ADP Intel Core i5 12th Gen 12450H - (16 GB/512 GB SSD/Windows 11 Home) ...,61900,71996.0,14.0,14.02,4.2,Intel Core i5 Processor (12th Gen)16 GB DDR4 RAMWindows 11 Home Operating System512 GB SSD39.62 cm (15.6 Inch) Display1 Year Warranty,laptops,Flipkart,https://www.flipkart.com/search?q=laptops&page=3,2026-04-21 15:32:33,
DELL Inspiron 15 (Core i3 14th Gen) Intel Core 3 100U - (8 GB/512 GB SSD/Windows 11 Home) DC15250 Thin...,47990,49990.0,4.0,4.0,4.3,Intel Core 3 Processor8 GB DDR4 RAMWindows 11 Home Operating System512 GB SSD38.1 cm (15 Inch) Display1 Year Onsite Hardware Service,laptops,Flipkart,https://www.flipkart.com/search?q=laptops&page=3,2026-04-21 15:32:33,
Lenovo IdeaPad Slim 1 AMD Ryzen 5 Hexa Core 5500U - (16 GB/512 GB SSD/Windows 11 Home) 15ALC7 Thin and...,54947,83000.0,33.0,33.8,4.2,AMD Ryzen 5 Hexa Core Processor16 GB DDR4 RAMWindows 11 Operating System512 GB SSD39.62 cm (15.6 Inch) DisplayMicrosoft Office Home & Student 20211 Year Onsite Warranty,laptops,Flipkart,https://www.flipkart.com/search?q=laptops&page=3,2026-04-21 15:32:33,
Lenovo 100e Chromebook Gen 4 MediaTek Kompanio 520 - (4 GB/32 GB EMMC Storage/Chrome OS) 82W00004HA Ch...,14990,16298.0,8.0,8.03,4.0,MediaTek Kompanio 520 Processor4 GB LPDDR4X RAMChrome Operating System29.46 cm (11.6 Inch) Display1 Year Carry-in Warranty,laptops,Flipkart,https://www.flipkart.com/search?q=laptops&page=3,2026-04-21 15:32:33,
"ASUS Vivobook S15, A-Part Metal Body, Backlit Keyboard, Intel Core i9 13th Gen 13900H - (16 GB/512 GB ...",72990,110990.0,34.0,34.24,4.4,Intel Core i9 Processor (13th Gen)16 GB LPDDR5 RAMWindows 11 Operating System512 GB SSD39.62 cm (15.6 Inch) Display1 Year Onsite Warranty,laptops,Flipkart,https://www.flipkart.com/search?q=laptops&page=3,2026-04-21 15:32:33,
ASUS TUF Gaming A15 (2025) AMD Ryzen 7 Hexa Core 7445HS - (16 GB/512 GB SSD/Windows 11 Home/4 GB Graph...,72990,83990.0,13.0,13.1,4.4,AMD Ryzen 7 Hexa Core Processor16 GB DDR5 RAMWindows 11 Home Operating System512 GB SSD39.62 cm (15.6 Inch) Display1 Year Onsite Warranty,laptops,Flipkart,https://www.flipkart.com/search?q=laptops&page=3,2026-04-21 15:32:33,
Acer NITRO LITE 16 Intel Core i5 13th Gen 13420H - (16 GB/512 GB SSD/Windows 11 Home/6 GB Graphics/NVI...,62990,84999.0,25.0,25.89,4.4,Intel Core i5 Processor (13th Gen)16 GB DDR5 RAM64 bit Windows 11 Home Operating System512 GB SSD40.64 cm (16 Inch) Display1 Year Warranty,laptops,Flipkart,https://www.flipkart.com/search?q=laptops&page=3,2026-04-21 15:32:33,
DELL 15 Microsoft Office Home 2024 AMD Ryzen 5 Hexa Core 7530U - (16 GB/512 GB SSD/Windows 11 Home) 35...,51061,69999.0,27.0,27.05,4.3,AMD Ryzen 5 Hexa Core Processor16 GB DDR4 RAMWindows 11 Operating System512 GB SSD39.62 cm (15.6 Inch) DisplayMicrosoft Office Home 2024 | Dell Support Assist1 Year Onsite Warranty,laptops,Flipkart,https://www.flipkart.com/search?q=laptops&page=3,2026-04-21 15:32:33,
MSI Modern 15 AMD Ryzen 5 Hexa Core 7530U - (8 GB/512 GB SSD/Windows 11 Home) Modern 15 B7M-428IN Busi...,42999,65990.0,34.0,34.84,4.4,AMD Ryzen 5 Hexa Core Processor8 GB DDR4 RAMWindows 11 Operating System512 GB SSD38.1 cm (15 Inch) Display1 Year Carry-in Warranty,laptops,Flipkart,https://www.flipkart.com/search?q=laptops&page=3,2026-04-21 15:32:33,
"ASUS Vivobook 15 (2025) with Touchscreen & Backlit Keyboard, Intel Core i3 13th Gen 1315U - (8 GB/512 ...",49990,55990.0,10.0,10.72,4.3,"Intel Core i3 Processor (13th Gen)8 GB DDR4 RAMWindows 11 Home Operating System512 GB SSD39.62 cm (15.6 Inch) Touchscreen DisplayMicrosoft Office Home 2024 (Lifetime Validity ) + Microsoft 365 Basic*(1-Year Validity), One-Month Membership of Adobe Creative Cloud All Apps, McAfee 1 year1 Year Onsite Warranty",laptops,Flipkart,https://www.flipkart.com/search?q=laptops&page=3,2026-04-21 15:32:33,
Acer Aspire 3 Intel Core i5 13th Gen 1334U - (16 GB/1 TB SSD/Windows 11 Home) A324-53 Thin and Light L...,57990,64990.0,10.0,10.77,4.3,Intel Core i5 Processor (13th Gen)16 GB DDR4 RAMWindows 11 Operating System1 TB SSD35.56 cm (14 Inch) Display1 Year Carry-in Warranty,laptops,Flipkart,https://www.flipkart.com/search?q=laptops&page=3,2026-04-21 15:32:33,
"ASUS Vivobook 14 (2025) with Office 2024 + M365 Basic*, Backlit Keyboard, Intel Core Ultra 5 225H - (1...",72990,74990.0,2.0,2.67,4.4,"Intel Core Ultra 5 Processor16 GB DDR5 RAMWindows 11 Home Operating System1 TB SSD35.56 cm (14 Inch) DisplayMicrosoft Office Home 2024 (Lifetime Validity ) + Microsoft 365 Basic*(1-Year Validity), One-Month Membership of Adobe Creative Cloud All Apps, McAfee 1 year1 Year Onsite Warranty",laptops,Flipkart,https://www.flipkart.com/search?q=laptops&page=3,2026-04-21 15:32:33,
Lenovo AMD Ryzen 7 Octa Core - (16 GB/512 GB SSD/Windows 11 Home) IdeaPad Slim 3 15ABR8 Laptop,54990,72690.0,24.0,24.35,3.4,AMD Ryzen 7 Octa Core Processor16 GB DDR4 RAMWindows 11 Home Operating System512 GB SSD39.62 cm (15.6 Inch) Display1 Year Onsite Warranty,laptops,Flipkart,https://www.flipkart.com/search?q=laptops&page=3,2026-04-21 15:32:33,
Ultimus APEX Intel Celeron Dual Core - (8 GB/512 GB SSD/Windows 11 Home) NU14U7INC56BN-CS Laptop,24699,39990.0,38.0,38.24,3.5,Intel Celeron Dual Core Processor8 GB LPDDR4 RAM64 bit Windows 11 Home Operating System512 GB SSD35.81 cm (14.1 Inch) DisplayPre loaded windows APP1 Year Manufacturer Warranty : Battery & adaptor only 6 Month,laptops,Flipkart,https://www.flipkart.com/search?q=laptops&page=4,2026-04-21 15:32:44,
Lenovo IdeaPad Slim 3 15ABR8 AMD Ryzen 5 Hexa Core 5625U - (16 GB/512 GB SSD/Windows 11 Home) 82XM00QD...,55999,60747.0,7.0,7.82,4.5,AMD Ryzen 5 Hexa Core Processor16 GB DDR4 RAMWindows 11 Home Operating System512 GB SSD39.62 cm (15.6 Inch) DisplayOffice Home 20241 Year Carry-in Warranty,laptops,Flipkart,https://www.flipkart.com/search?q=laptops&page=4,2026-04-21 15:32:44,
ASUS Expertbook P1 with 1 Yr ADP Intel Core i3 13th Gen 1315U - (8 GB/512 GB SSD/Windows 11 Home) P150...,46990,69990.0,32.0,32.86,4.3,"Intel Core i3 Processor (13th Gen)8 GB DDR5 RAMWindows 11 Home Operating System512 GB SSD39.62 cm (15.6 Inch) DisplayIncluded Software- Microsoft Office Home 2024(includes Word, Excel, PowerPoint, and OneNote) (Lifetime Validity ) + Microsoft 365 Basic*(1-Year Validity), McAfee+TM Premium (1 year Validity)1 Year Onsite Warranty",laptops,Flipkart,https://www.flipkart.com/search?q=laptops&page=4,2026-04-21 15:32:44,
"ASUS Vivobook 15 (2025) with Office 2024 + M365 Basic*, Backlit Keyboard, Intel Core i3 13th Gen 1315U...",46990,54990.0,14.0,14.55,4.3,"Intel Core i3 Processor (13th Gen)16 GB DDR5 RAMWindows 11 Home Operating System512 GB SSD39.62 cm (15.6 Inch) DisplayMicrosoft Office Home 2024 (Lifetime Validity ) + Microsoft 365 Basic*(1-Year Validity), One-Month Membership of Adobe Creative Cloud All Apps, McAfee 1 year1 Year Onsite Warranty",laptops,Flipkart,https://www.flipkart.com/search?q=laptops&page=4,2026-04-21 15:32:44,
HP G9 Intel Core i3 13th Gen 1315U - (16 GB/512 GB SSD/Windows 11 Pro) 250R G9 Business Laptop,54999,59999.0,8.0,8.33,4.0,Intel Core i3 Processor (13th Gen)16 GB DDR4 RAM64 bit Windows 11 Operating System512 GB SSD39.62 cm (15.6 Inch) DisplayMS OFFICE1 year Onsite Warrenty,laptops,Flipkart,https://www.flipkart.com/search?q=laptops&page=4,2026-04-21 15:32:44,
"ASUS Vivobook 16 (2025) with Office 2024 + M365 Basic, AI PC Intel Core Ultra 5 - (16 GB/512 GB SSD/Wi...",72990,92990.0,21.0,21.51,4.2,Intel Core Ultra 5 Processor16 GB DDR5 RAMWindows 11 Home Operating System512 GB SSD40.64 cm (16 Inch) DisplayMicrosoft Office Home 2024 + Microsoft 365 Basic1 Year Onsite warranty,laptops,Flipkart,https://www.flipkart.com/search?q=laptops&page=4,2026-04-21 15:32:44,
Acer Aspire 7 Intel Core i7 13th Gen 13620H - (16 GB/512 GB SSD/Windows 11 Home/6 GB Graphics/NVIDIA G...,72990,99999.0,27.0,27.01,4.3,Intel Core i7 Processor (13th Gen)16 GB DDR4 RAM64 bit Windows 11 Home Operating System512 GB SSD39.62 cm (15.6 Inch) Display1 Year Onsite Warranty,laptops,Flipkart,https://www.flipkart.com/search?q=laptops&page=4,2026-04-21 15:32:44,
HP 15 (i5 14th Gen) Intel Core 5 120U - (8 GB/512 GB SSD/Windows 11 Home) FD0651TU Thin and Light Lapt...,55990,68793.0,18.0,18.61,3.8,Intel Core 5 Processor8 GB DDR4 RAMWindows 11 Home Operating System512 GB SSD39.62 cm (15.6 inch) Display1 Year Onsite Warranty,laptops,Flipkart,https://www.flipkart.com/search?q=laptops&page=4,2026-04-21 15:32:44,
Lenovo IdeaPad Slim 3 Intel Core i5 12th Gen 12450H - (16 GB/512 GB SSD/Windows 11 Home) 15IAH8 Thin a...,58990,76990.0,23.0,23.38,4.1,Intel Core i5 Processor (12th Gen)16 GB LPDDR5 RAMWindows 11 Operating System512 GB SSD39.62 cm (15.6 Inch) Display1 Yr. Onsite + 1 Yr. Accidental Damage Protection,laptops,Flipkart,https://www.flipkart.com/search?q=laptops&page=4,2026-04-21 15:32:44,
Lenovo IdeaPad Slim 3 Intel Core i5 12th Gen 12450H - (16 GB/512 GB SSD/Windows 11 Home) 15IAH8 Thin a...,54990,76690.0,28.0,28.3,4.1,Intel Core i5 Processor (12th Gen)16 GB LPDDR5 RAMWindows 11 Home Operating System512 GB SSD39.62 cm (15.6 Inch) Display1 Year Onsite Warranty,laptops,Flipkart,https://www.flipkart.com/search?q=laptops&page=4,2026-04-21 15:32:44,
Lenovo IdeaPad Pro 5 with 1Yr ADP Intel Core Ultra 9 285H - (32 GB/1 TB SSD/Windows 11 Home) 14IAH10 T...,134990,167890.0,19.0,19.6,4.4,Intel Core Ultra 9 Processor32 GB LPDDR5X RAMWindows 11 Home Operating System1 TB SSD35.56 cm (14 Inch) Display1 Year Onsite Warranty,laptops,Flipkart,https://www.flipkart.com/search?q=laptops&page=4,2026-04-21 15:32:44,
Lenovo IdeaPad Slim 3 Backlit Keyboard with MSO'2024 Intel Core i5 13th Gen 13420H - (16 GB/512 GB SSD...,64990,82690.0,21.0,21.41,4.4,Intel Core i5 Processor (13th Gen)16 GB DDR5 RAMWindows 11 Home Operating System512 GB SSD35.56 cm (14 Inch) DisplayOffice Home 20241 Year Onsite Warranty,laptops,Flipkart,https://www.flipkart.com/search?q=laptops&page=4,2026-04-21 15:32:44,
Acer Aspire 3 Intel Celeron Dual Core N4500 - (8 GB/512 GB SSD/Windows 11 Home) A325-45 Thin and Light...,38500,40000.0,3.0,3.75,3.8,Intel Celeron Dual Core Processor8 GB LPDDR4X RAMWindows 11 Operating System512 GB SSD39.62 cm (15.6 Inch) Display1 Year Onsite Warranty,laptops,Flipkart,https://www.flipkart.com/search?q=laptops&page=4,2026-04-21 15:32:44,
Acer Aspire Intel Celeron Dual Core N4500 - (12 GB/256 GB SSD/Windows 11 Home) A324-45-V2 Thin and Lig...,20990,29999.0,30.0,30.03,3.8,Intel Celeron Dual Core Processor12 GB LPDDR4X RAMWindows 11 Operating System256 GB SSD35.56 cm (14 Inch) Display1 Year Carry-in Warranty,laptops,Flipkart,https://www.flipkart.com/search?q=laptops&page=4,2026-04-21 15:32:44,
HP 250R G10 (2025) (i3 14th Gen) Intel Core 3 14th Gen 100U - (8 GB/512 GB SSD/Windows 11 Home) 250R G...,46980,66990.0,29.0,29.87,4.3,"Intel Core 3 Processor (14th Gen)8 GB DDR4 RAM64 bit Windows 11 Home Operating System512 GB SSD39.62 cm (15.6 Inch) DisplayMicrosoft Office 2021, Windows 11 Home1 Year",laptops,Flipkart,https://www.flipkart.com/search?q=laptops&page=4,2026-04-21 15:32:44,
"ASUS Vivobook 15, with Backlit Keyboard, Intel Core i3 12th Gen 1215U - (8 GB/512 GB SSD/Windows 11 Ho...",49491,55990.0,11.0,11.61,4.3,Intel Core i3 Processor (12th Gen)8 GB DDR4 RAMWindows 11 Operating System512 GB SSD39.62 cm (15.6 Inch) Display1 Year Onsite Warranty,laptops,Flipkart,https://www.flipkart.com/search?q=laptops&page=4,2026-04-21 15:32:44,
HP Intel Core i5 12th Gen 1235U - (16 GB/512 GB SSD/Windows 11 Home) 15s-fq5330TU|15-fd0111TU Thin and...,56990,62526.0,8.0,8.85,4.3,Intel Core i5 Processor (12th Gen)16 GB DDR4 RAMWindows 11 Operating System512 GB SSD39.62 cm (15.6 Inch) Display1 Year Onsite warranty,laptops,Flipkart,https://www.flipkart.com/search?q=laptops&page=5,2026-04-21 15:32:54,
HP Essentials Intel Core i5 13th Gen 1334U - (8 GB/1 TB SSD/Windows 11 Home) 15-FD0549TU Thin and Ligh...,63665,72057.0,11.0,11.65,5.0,Intel Core i5 Processor (13th Gen)8 GB DDR4 RAMWindows 11 Home Operating System1 TB SSD39.62 cm (15.6 Inch) Display1 Year Warranty and Only 6 Months Warranty on Battery and Adaptor,laptops,Flipkart,https://www.flipkart.com/search?q=laptops&page=5,2026-04-21 15:32:54,
Lenovo IdeaPad Slim 3 with 1Yr ADP Intel Core i3 13th Gen 1315U - (8 GB/512 GB SSD/Windows 11 Home) Id...,44990,53790.0,16.0,16.36,4.3,Intel Core i3 Processor (13th Gen)8 GB LPDDR5 RAMWindows 11 Home Operating System512 GB SSD39.62 cm (15.6 Inch) DisplayOffice Home 20241 Year Onsite Warranty,laptops,Flipkart,https://www.flipkart.com/search?q=laptops&page=5,2026-04-21 15:32:54,
MSI Modern 14 Intel Core i3 13th Gen 1315U - (16 GB/512 GB SSD/Windows 11 Home) Modern 14 C13M-1424IN ...,44990,58990.0,23.0,23.73,4.3,Intel Core i3 Processor (13th Gen)16 GB DDR4 RAM64 bit Windows 11 Operating System512 GB SSD35.56 cm (14 Inch) DisplayMicrosoft Office Home & Student�20211 Year On-Site Warranty,laptops,Flipkart,https://www.flipkart.com/search?q=laptops&page=5,2026-04-21 15:32:54,
Lenovo Chromebook 11IJL9 Intel Celeron Dual Core N4500 - (4 GB/64 GB EMMC Storage/Chrome OS) Chromeboo...,16489,30999.0,46.0,46.81,3.8,Intel Celeron Dual Core Processor4 GB LPDDR4X RAMChrome Operating System29.46 cm (11.6 Inch) Display1 Year Onsite Warranty,laptops,Flipkart,https://www.flipkart.com/search?q=laptops&page=5,2026-04-21 15:32:54,
"ASUS Vivobook 14 (2025) with Office 2024 + M365 Basic*, Backlit Keyboard, Intel Core i3 13th Gen 1315U...",46990,50990.0,7.0,7.84,4.3,"Intel Core i3 Processor (13th Gen)8 GB DDR4 RAMWindows 11 Home Operating System512 GB SSD35.56 cm (14 Inch) DisplayMicrosoft Office Home 2024 (Lifetime Validity ) + Microsoft 365 Basic*(1-Year Validity), One-Month Membership of Adobe Creative Cloud All Apps, McAfee 1 year1 Year Onsite Warranty",laptops,Flipkart,https://www.flipkart.com/search?q=laptops&page=5,2026-04-21 15:32:54,
"ASUS Vivobook 15, with Backlit Keyboard, Intel Core i5 12th Gen 1235U - (8 GB/512 GB SSD/Windows 11 Ho...",39990,69990.0,42.0,42.86,4.2,Intel Core i5 Processor (12th Gen)8 GB DDR4 RAMWindows 11 Operating System512 GB SSD39.62 cm (15.6 Inch) Display1 Year Onsite Warranty,laptops,Flipkart,https://www.flipkart.com/search?q=laptops&page=5,2026-04-21 15:32:54,
Primebook 2 Max (2025) in-Built AI MediaTek Helio G99 (MT8781) - (8 GB/256 GB/Android 15) PBG9915256#4...,28490,34990.0,18.0,18.58,4.3,MediaTek Helio G99 (MT8781) Processor8 GB LPDDR4X RAM64 bit Android Operating System39.62 cm (15.6 Inch) Display1 Year Onsite Warranty,laptops,Flipkart,https://www.flipkart.com/search?q=laptops&page=5,2026-04-21 15:32:54,
Acer Aspire 3 Backlit Intel Core i5 12th Gen 1235U - (16 GB/512 GB SSD/Windows 11 Home) A324-51 Thin a...,38990,53000.0,26.0,26.43,4.2,Intel Core i5 Processor (12th Gen)16 GB DDR4 RAM64 bit Windows 11 Operating System512 GB SSD35.56 cm (14 Inch) Display1 Year Domestic Warranty,laptops,Flipkart,https://www.flipkart.com/search?q=laptops&page=5,2026-04-21 15:32:54,
HP OMEN AI AMD Ryzen AI 7 Octa Core AI 7 350 - (24 GB/1 TB SSD/Windows 11 Home/8 GB Graphics/NVIDIA Ge...,134990,162996.0,17.0,17.18,4.5,AMD Ryzen AI 7 Octa Core Processor24 GB DDR5 RAMWindows 11 Home Operating System1 TB SSD40.64 cm (16 Inch) Display1 Year Onsite Warranty,laptops,Flipkart,https://www.flipkart.com/search?q=laptops&page=5,2026-04-21 15:32:54,
HP Chromebook Intel Celeron Dual Core N4120 - (4 GB/64 GB EMMC Storage/Chrome OS) 14a-ca0506TU Chromeb...,27990,32295.0,13.0,13.33,4.0,Intel Celeron Dual Core Processor4 GB LPDDR4 RAM64 bit Chrome Operating System35.56 cm (14 Inch) Touchscreen Display1 Year Onsite Warranty,laptops,Flipkart,https://www.flipkart.com/search?q=laptops&page=5,2026-04-21 15:32:54,
HP OmniBook 5 OLED Next-Gen AI Laptop Snapdragon X - (16 GB/1 TB SSD/Windows 11 Home) 16-fb0001QU Thin...,76584,88225.0,13.0,13.19,,Snapdragon X Processor16 GB LPDDR5X RAMWindows 11 Home Operating System1 TB SSD40.64 cm (16 Inch) DisplayMS Office Home 2024 + MISC PC Game Pass DA 3M1 Year Onsite Warranty,laptops,Flipkart,https://www.flipkart.com/search?q=laptops&page=5,2026-04-21 15:32:54,
ASUS TUF Gaming A15 AMD Ryzen 7 Hexa Core 7435HS - (16 GB/512 GB SSD/Windows 11 Home/4 GB Graphics/NVI...,64990,86990.0,25.0,25.29,4.4,AMD Ryzen 7 Hexa Core Processor16 GB DDR5 RAMWindows 11 Home Operating System512 GB SSD39.62 cm (15.6 Inch) Display1 Year Carry-in Warranty,laptops,Flipkart,https://www.flipkart.com/search?q=laptops&page=5,2026-04-21 15:32:54,
HP OMEN (i7 14th Gen) Intel Core 7 240H - (24 GB/1 TB SSD/Windows 11 Home/8 GB Graphics/NVIDIA GeForce...,131990,146134.0,9.0,9.68,4.4,Intel Core 7 Processor24 GB DDR5 RAMWindows 11 Home Operating System1 TB SSD40.64 cm (16 Inch) DisplayMS Office Home 2024 + MISC PC Game Pass DA 3M1 Year Onsite Warranty,laptops,Flipkart,https://www.flipkart.com/search?q=laptops&page=5,2026-04-21 15:32:54,
"TRIGGR Trinity 3 with Fabric Finish, Dual Pairing, 50H ...4(1,089)₹1,199₹3,99970% offSuper DealsAdd to Compare",1199,3999.0,70.0,70.02,4.0,,headphones,Flipkart,https://www.flipkart.com/search?q=headphones&page=1,2026-04-21 15:33:06,
"PTron Studio Pro w/ 65hrs Playtime, AI-ENC Calls, Prist...4(2,056)₹749₹2,59971% offSuper DealsAdd to Compare",749,2599.0,71.0,71.18,4.0,,headphones,Flipkart,https://www.flipkart.com/search?q=headphones&page=1,2026-04-21 15:33:06,
"F FERONS Wireless Running Premium Deep Bass Noise Cance...3.8(24,403)₹295₹2,59988% offOnly few leftAdd to Compare",295,2599.0,88.0,88.65,3.8,,headphones,Flipkart,https://www.flipkart.com/search?q=headphones&page=1,2026-04-21 15:33:06,
"F FERONS Compact Foldable Headphone Crystal Crisp Clear...3.8(24,403)₹295₹2,59988% offOnly few leftAdd to Compare",295,2599.0,88.0,88.65,3.8,,headphones,Flipkart,https://www.flipkart.com/search?q=headphones&page=1,2026-04-21 15:33:06,
"TRIGGR Trinity 2 with Dual Pairing, ENC, Fast Charge, 5...3.9(20,798)₹799₹2,99973% offSuper DealsAdd to Compare",799,2999.0,73.0,73.36,3.9,,headphones,Flipkart,https://www.flipkart.com/search?q=headphones&page=1,2026-04-21 15:33:06,
"FRONY SH12 Premium (Bluetooth Headset) with Noise Cance...3.5(340)₹453₹1,20062% offSuper DealsAdd to Compare",453,1200.0,62.0,62.25,3.5,,headphones,Flipkart,https://www.flipkart.com/search?q=headphones&page=1,2026-04-21 15:33:06,
"F FERONS Foldable Headphone Stylish & Durable High Qual...3.8(24,403)₹297₹2,59988% offOnly few leftAdd to Compare",297,2599.0,88.0,88.57,3.8,,headphones,Flipkart,https://www.flipkart.com/search?q=headphones&page=1,2026-04-21 15:33:06,
skm 48 Hours Playtime Bluetooth Wireless Neckband Headp...₹477₹99952% offOnly few leftAdd to Compare,477,999.0,52.0,52.25,3.9,,headphones,Flipkart,https://www.flipkart.com/search?q=headphones&page=1,2026-04-21 15:33:06,
"Flipkart SmartBuy FKBT02 Bluetooth4.1(1,627)₹1,138₹2,34951% offOnly 1 leftAdd to Compare",1138,2349.0,51.0,51.55,4.1,,headphones,Flipkart,https://www.flipkart.com/search?q=headphones&page=1,2026-04-21 15:33:06,
"house of common Travel Fold Bluetooth Deep Bass Dynamic...3.8(130)₹385₹3,49988% offBank OfferAdd to Compare",385,3499.0,88.0,89.0,3.8,,headphones,Flipkart,https://www.flipkart.com/search?q=headphones&page=1,2026-04-21 15:33:06,
"boAt Rockerz 412, 60H Battery,40ms Latency,ENx, Stream ...4.2(4,08,991)₹1,499₹2,99950% offBank OfferAdd to Compare",1499,2999.0,50.0,50.02,4.2,,headphones,Flipkart,https://www.flipkart.com/search?q=headphones&page=2,2026-04-21 15:33:19,
"JBL Tune 770NC Active Noise Cancelling, 70Hr Playtime, ...4.3(5,955)₹4,999₹9,99950% offBank OfferAdd to Compare",4999,9999.0,50.0,50.01,4.3,,headphones,Flipkart,https://www.flipkart.com/search?q=headphones&page=2,2026-04-21 15:33:19,
"Techpunch NEW TRENDING BLUETOOTH HEADPHONE WITH MIC FOR...3.5(15,345)₹297₹99970% offOnly few leftAdd to Compare",297,999.0,70.0,70.27,3.5,,headphones,Flipkart,https://www.flipkart.com/search?q=headphones&page=2,2026-04-21 15:33:19,
Jmax JM-TWS | 20H Music |Clear Sound| 200mAh Case | 5H ...₹239₹99976% offOnly few leftAdd to Compare,239,999.0,76.0,76.08,3.7,,headphones,Flipkart,https://www.flipkart.com/search?q=headphones&page=2,2026-04-21 15:33:19,
"Noise TWO with 50 Hours Playtime, Low latency (up to 42...4(19,338)₹1,699₹4,99966% offBank OfferAdd to Compare",1699,4999.0,66.0,66.01,4.0,,headphones,Flipkart,https://www.flipkart.com/search?q=headphones&page=2,2026-04-21 15:33:19,
Techobucks Bluetooth Portable over-ear Headphones with ...3.6(10)₹322₹99967% offOnly few leftAdd to Compare,322,999.0,67.0,67.77,3.6,,headphones,Flipkart,https://www.flipkart.com/search?q=headphones&page=2,2026-04-21 15:33:19,
"PTron Studio Pro w/ 65hrs Playtime, AI-ENC Calls, Prist...4(2,056)₹749₹2,59971% offBank OfferAdd to Compare",749,2599.0,71.0,71.18,4.0,,headphones,Flipkart,https://www.flipkart.com/search?q=headphones&page=2,2026-04-21 15:33:19,
"boAt Rockerz 512 ANC, 40dB Hybrid ANC, 80H Battery, ENx...4.3(2,797)₹2,899₹7,99063% offBank OfferAdd to Compare",2899,7990.0,63.0,63.72,4.3,,headphones,Flipkart,https://www.flipkart.com/search?q=headphones&page=2,2026-04-21 15:33:19,
"Noise TWO with 50 Hours Playtime, Low latency (up to 40...4(19,338)₹1,699₹4,99966% offBank OfferAdd to Compare",1699,4999.0,66.0,66.01,4.0,,headphones,Flipkart,https://www.flipkart.com/search?q=headphones&page=2,2026-04-21 15:33:19,
"boAt Rockerz Prime 415, 360 Spatial Audio,120H Battery,...4.2(918)₹1,999₹3,99950% offBank OfferAdd to Compare",1999,3999.0,50.0,50.01,4.2,,headphones,Flipkart,https://www.flipkart.com/search?q=headphones&page=3,2026-04-21 15:33:31,
VEDRID BEST SALE PORTABLE LEIGHTWEIGHT THUNDER SOUND GA...4.7(3)₹283₹89968% offOnly few leftAdd to Compare,283,899.0,68.0,68.52,4.7,,headphones,Flipkart,https://www.flipkart.com/search?q=headphones&page=3,2026-04-21 15:33:31,
"MasterGogo Bullets Z2 - MAGNETIC POWER OFF/ON 52Hr Play...₹328₹1,49978% offOnly few leftAdd to Compare",328,1499.0,78.0,78.12,3.6,,headphones,Flipkart,https://www.flipkart.com/search?q=headphones&page=3,2026-04-21 15:33:31,
"boAt Rockerz Plus 550, Customizable Earcups,100H Batter...4.1(9,378)₹1,999₹4,99059% offSuper DealsAdd to Compare",1999,4990.0,59.0,59.94,4.1,,headphones,Flipkart,https://www.flipkart.com/search?q=headphones&page=3,2026-04-21 15:33:31,
"boAt Rockerz 411,40H Battery, 40ms Latency, Stream Ad F...4.1(6,354)₹1,299₹2,99956% offBank OfferAdd to Compare",1299,2999.0,56.0,56.69,4.1,,headphones,Flipkart,https://www.flipkart.com/search?q=headphones&page=3,2026-04-21 15:33:31,
"YAROH SH12 Premium (Bluetooth Headset) with Noise Cance...3.8(52)₹468₹1,20061% offOnly few leftAdd to Compare",468,1200.0,61.0,61.0,3.8,,headphones,Flipkart,https://www.flipkart.com/search?q=headphones&page=3,2026-04-21 15:33:31,
"Leaf Bass Over-Ear Headphones,30H Battery,38mm Drivers,...3.7(121)₹799₹3,99980% offBank OfferAdd to Compare",799,3999.0,80.0,80.02,3.7,,headphones,Flipkart,https://www.flipkart.com/search?q=headphones&page=3,2026-04-21 15:33:31,
Ovista P9 HDP Bluetooth & Wired₹398₹99960% offOnly few leftAdd to Compare,398,999.0,60.0,60.16,4.2,,headphones,Flipkart,https://www.flipkart.com/search?q=headphones&page=3,2026-04-21 15:33:31,
"JBL Tune 520 BT 57Hr Playtime, Pure Bass, Multi Connect...4.1(3,816)₹2,999₹4,99940% offSuper DealsAdd to Compare",2999,4999.0,40.0,40.01,4.1,,headphones,Flipkart,https://www.flipkart.com/search?q=headphones&page=4,2026-04-21 15:33:42,
"house of common Adaptive EQ & Noise-Canceling Headphone...₹429₹4,19989% offOnly few leftAdd to Compare",429,4199.0,89.0,89.78,3.5,,headphones,Flipkart,https://www.flipkart.com/search?q=headphones&page=4,2026-04-21 15:33:42,
"Metaind Meta_MT30 Wired3.8(51)₹1,236₹2,79955% offOnly few leftAdd to Compare",1236,2799.0,55.0,55.84,3.8,,headphones,Flipkart,https://www.flipkart.com/search?q=headphones&page=4,2026-04-21 15:33:42,
"Metaind Meta_MT50 Wired4(36)₹1,279₹3,49963% offOnly few leftAdd to Compare",1279,3499.0,63.0,63.45,4.0,,headphones,Flipkart,https://www.flipkart.com/search?q=headphones&page=4,2026-04-21 15:33:42,
"MasterGogo Bullets Zs Edition High Bass 48Hr Playtime B...4.3(8)₹292₹1,49980% offOnly few leftAdd to Compare",292,1499.0,80.0,80.52,4.3,,headphones,Flipkart,https://www.flipkart.com/search?q=headphones&page=4,2026-04-21 15:33:42,
"JBL Live 770NC with ANC, 65Hr Playtime,Speed-charge,BT ...4.3(503)₹9,999₹14,99933% offBank OfferAdd to Compare",9999,14999.0,33.0,33.34,4.3,,headphones,Flipkart,https://www.flipkart.com/search?q=headphones&page=4,2026-04-21 15:33:42,
"JBL T450BT Extra Bass with Voice Assistant Support Ligh...4.2(78,681)₹2,370₹3,49932% offOnly 2 leftAdd to Compare",2370,3499.0,32.0,32.27,4.2,,headphones,Flipkart,https://www.flipkart.com/search?q=headphones&page=5,2026-04-21 15:33:53,
"Beats Solo3 Wireless Headphones with Mic Bluetooth4.5(47)₹17,900₹19,90010% offOnly 1 leftAdd to Compare",17900,19900.0,10.0,10.05,4.5,,headphones,Flipkart,https://www.flipkart.com/search?q=headphones&page=5,2026-04-21 15:33:53,
NECKTECH z2 bullets neckband Bluetooth3.8(33)₹283₹45938% offOnly few leftAdd to Compare,283,459.0,38.0,38.34,3.8,,headphones,Flipkart,https://www.flipkart.com/search?q=headphones&page=5,2026-04-21 15:33:53,
"Noise Airwave Max 4 with 70 Hours Playtime,ENC wiith Du...3.9(5,745)₹2,499₹5,99958% offBank OfferAdd to Compare",2499,5999.0,58.0,58.34,3.9,,headphones,Flipkart,https://www.flipkart.com/search?q=headphones&page=5,2026-04-21 15:33:53,
"Coming SoonboAt Immortal IM1300 Bluetooth Gaming3.7(2,370)₹3,499₹9,99064% offAdd to Compare",3499,9990.0,64.0,64.97,3.7,,headphones,Flipkart,https://www.flipkart.com/search?q=headphones&page=5,2026-04-21 15:33:53,
NECKTECH Bullet-green-a1 Bluetooth3.8(20)₹299₹89966% offOnly few leftAdd to Compare,299,899.0,66.0,66.74,3.8,,headphones,Flipkart,https://www.flipkart.com/search?q=headphones&page=5,2026-04-21 15:33:53,
TABARET Best Buy Headphone Multifunctional Stereo Wirel...3.5(347)₹297₹99970% offOnly few leftAdd to Compare,297,999.0,70.0,70.27,3.5,,headphones,Flipkart,https://www.flipkart.com/search?q=headphones&page=5,2026-04-21 15:33:53,
"MOTOROLA g35 5G (Leaf Green, 128 GB)",12489,12499.0,,0.08,,,mobiles,Shopsy,https://www.shopsy.in/search?q=smartphones&page=1,2026-04-21 17:20:35,"(1,34,956)"
"MOTOROLA g06 power (Pantone tapestry, 64 GB)",9989,9999.0,,0.1,,,mobiles,Shopsy,https://www.shopsy.in/search?q=smartphones&page=1,2026-04-21 17:20:35,"(14,251)"
"MOTOROLA g35 5G (Midnight Black, 128 GB)",12489,12499.0,,0.08,,,mobiles,Shopsy,https://www.shopsy.in/search?q=smartphones&page=1,2026-04-21 17:20:35,"(1,34,956)"
"Google Pixel 9A (Obsidian, 256 GB)",39989,49999.0,20.0,20.02,,,mobiles,Shopsy,https://www.shopsy.in/search?q=smartphones&page=1,2026-04-21 17:20:35,"(10,197)"
"Apple iPhone 15 (Pink, 128 GB)",59890,59900.0,,0.02,,,mobiles,Shopsy,https://www.shopsy.in/search?q=smartphones&page=1,2026-04-21 17:20:35,"(2,74,062)"
"MOTOROLA g57 power 5G (Pantone Regatta, 128 GB)",15989,17999.0,11.0,11.17,,,mobiles,Shopsy,https://www.shopsy.in/search?q=smartphones&page=1,2026-04-21 17:20:35,"(40,902)"
"Samsung Galaxy F06 5G (Bahama Blue, 128 GB)",13989,15499.0,9.0,9.74,,,mobiles,Shopsy,https://www.shopsy.in/search?q=smartphones&page=1,2026-04-21 17:20:35,"(24,157)"
"vivo T5x 5G (Cyber Green, 128 GB)",24989,30999.0,19.0,19.39,,,mobiles,Shopsy,https://www.shopsy.in/search?q=smartphones&page=1,2026-04-21 17:20:35,"(8,294)"
"vivo T5x 5G (Cyber Green, 128 GB)",22989,28999.0,20.0,20.72,,,mobiles,Shopsy,https://www.shopsy.in/search?q=smartphones&page=1,2026-04-21 17:20:35,"(7,458)"
"vivo T5x 5G (Star Silver, 128 GB)",22989,28999.0,20.0,20.72,,,mobiles,Shopsy,https://www.shopsy.in/search?q=smartphones&page=1,2026-04-21 17:20:35,"(7,458)"
"POCO C75 5G (Silver Stardust, 64 GB)",10989,10999.0,,0.09,,,mobiles,Shopsy,https://www.shopsy.in/search?q=smartphones&page=1,2026-04-21 17:20:35,"(1,63,497)"
"Samsung Galaxy F06 5G (Lit Violet, 128 GB)",12489,13999.0,10.0,10.79,,,mobiles,Shopsy,https://www.shopsy.in/search?q=smartphones&page=1,2026-04-21 17:20:35,"(46,284)"
"MOTOROLA g35 5G (Guava Red, 128 GB)",12489,12499.0,,0.08,,,mobiles,Shopsy,https://www.shopsy.in/search?q=smartphones&page=1,2026-04-21 17:20:35,"(1,34,956)"
"realme P4 Lite (Beach Gold, 64 GB)",9989,12999.0,23.0,23.16,,,mobiles,Shopsy,https://www.shopsy.in/search?q=smartphones&page=1,2026-04-21 17:20:35,"(1,857)"
"realme P4 Lite (Sea Blue, 64 GB)",9989,12999.0,23.0,23.16,,,mobiles,Shopsy,https://www.shopsy.in/search?q=smartphones&page=1,2026-04-21 17:20:35,"(1,857)"
"Samsung Galaxy F06 5G (Bahama Blue, 128 GB)",12489,13999.0,10.0,10.79,,,mobiles,Shopsy,https://www.shopsy.in/search?q=smartphones&page=1,2026-04-21 17:20:35,"(46,284)"
"POCO C75 5G (Enchanted Green, 64 GB)",10989,10999.0,,0.09,,,mobiles,Shopsy,https://www.shopsy.in/search?q=smartphones&page=1,2026-04-21 17:20:35,"(1,63,497)"
"Samsung Galaxy F06 5G (Lit Violet, 128 GB)",13989,15499.0,9.0,9.74,,,mobiles,Shopsy,https://www.shopsy.in/search?q=smartphones&page=1,2026-04-21 17:20:35,"(24,157)"
"MOTOROLA G96 5G (Pantone Greener Pastures, 128 GB)",18989,20999.0,9.0,9.57,,,mobiles,Shopsy,https://www.shopsy.in/search?q=smartphones&page=1,2026-04-21 17:20:35,"(98,583)"
"Samsung Galaxy F36 5G (Black, 128 GB)",18989,22999.0,17.0,17.44,,,mobiles,Shopsy,https://www.shopsy.in/search?q=smartphones&page=1,2026-04-21 17:20:35,"(10,932)"
"realme P4 Lite 5G (Mosaic Green, 128 GB)",16489,22999.0,28.0,28.31,,,mobiles,Shopsy,https://www.shopsy.in/search?q=smartphones&page=1,2026-04-21 17:20:35,(542)
"realme P4 Lite 5G (Mosaic Green, 64 GB)",13489,19999.0,32.0,32.55,,,mobiles,Shopsy,https://www.shopsy.in/search?q=smartphones&page=1,2026-04-21 17:20:35,"(1,480)"
"realme P4 Lite 5G (Mosaic Blue, 64 GB)",13489,19999.0,32.0,32.55,,,mobiles,Shopsy,https://www.shopsy.in/search?q=smartphones&page=1,2026-04-21 17:20:35,"(1,480)"
"MOTOROLA g57 power 5G (Pantone Fluidity, 128 GB)",15989,17999.0,11.0,11.17,,,mobiles,Shopsy,https://www.shopsy.in/search?q=smartphones&page=1,2026-04-21 17:20:35,"(40,902)"
"Ai+ Pulse 2 (Purple, 64 GB)",8489,10999.0,22.0,22.82,,,mobiles,Shopsy,https://www.shopsy.in/search?q=smartphones&page=2,2026-04-21 17:20:39,"(3,127)"
"MOTOROLA G96 5G (Pantone Ashleigh Blue, 128 GB)",18989,20999.0,9.0,9.57,,,mobiles,Shopsy,https://www.shopsy.in/search?q=smartphones&page=2,2026-04-21 17:20:39,"(98,583)"
"realme P4 Lite 5G (Mosaic Green, 128 GB)",14489,20999.0,31.0,31.0,,,mobiles,Shopsy,https://www.shopsy.in/search?q=smartphones&page=2,2026-04-21 17:20:39,"(1,480)"
"OnePlus Nord 6 (Pitch Black, 256 GB)",39490,52999.0,25.0,25.49,,,mobiles,Shopsy,https://www.shopsy.in/search?q=smartphones&page=2,2026-04-21 17:20:39,(86)
"realme P4 5G (Steel Grey, 128 GB)",20989,20999.0,,0.05,,,mobiles,Shopsy,https://www.shopsy.in/search?q=smartphones&page=2,2026-04-21 17:20:39,"(23,080)"
"realme P4 5G (Engine Blue, 128 GB)",20989,20999.0,,0.05,,,mobiles,Shopsy,https://www.shopsy.in/search?q=smartphones&page=2,2026-04-21 17:20:39,"(23,080)"
"vivo T4R 5G (Twilight Blue, 256 GB)",26989,26999.0,,0.04,,,mobiles,Shopsy,https://www.shopsy.in/search?q=smartphones&page=2,2026-04-21 17:20:39,"(6,133)"
"vivo T4R 5G (Arctic White, 256 GB)",24989,24999.0,,0.04,,,mobiles,Shopsy,https://www.shopsy.in/search?q=smartphones&page=2,2026-04-21 17:20:39,"(67,065)"
"vivo T4R 5G (Twilight Blue, 256 GB)",24989,24999.0,,0.04,,,mobiles,Shopsy,https://www.shopsy.in/search?q=smartphones&page=2,2026-04-21 17:20:39,"(67,065)"
"MOTOROLA Edge 60 Pro (Pantone Walnut, 256 GB)",29989,36999.0,18.0,18.95,,,mobiles,Shopsy,https://www.shopsy.in/search?q=smartphones&page=2,2026-04-21 17:20:39,"(51,042)"
"POCO C75 5G (Aqua Bliss, 128 GB)",11489,11499.0,,0.09,,,mobiles,Shopsy,https://www.shopsy.in/search?q=smartphones&page=2,2026-04-21 17:20:39,"(1,63,497)"
"POCO C85x (Elite Black, 64 GB)",11489,13499.0,14.0,14.89,,,mobiles,Shopsy,https://www.shopsy.in/search?q=smartphones&page=2,2026-04-21 17:20:39,(741)
"Ai+ Pulse 1 (Sparkle Red, 64 GB)",7989,7999.0,,0.13,,,mobiles,Shopsy,https://www.shopsy.in/search?q=smartphones&page=2,2026-04-21 17:20:39,"(48,997)"
"Apple iPhone 15 (Black, 128 GB)",59890,59900.0,,0.02,,,mobiles,Shopsy,https://www.shopsy.in/search?q=smartphones&page=2,2026-04-21 17:20:39,"(2,74,062)"
"Ai+ Pulse 2 (Blue, 64 GB)",8489,10999.0,22.0,22.82,,,mobiles,Shopsy,https://www.shopsy.in/search?q=smartphones&page=2,2026-04-21 17:20:39,"(3,127)"
"vivo T4 Lite 5G Charger in the Box (Prism Blue, 128 GB)",13989,13999.0,,0.07,,,mobiles,Shopsy,https://www.shopsy.in/search?q=smartphones&page=2,2026-04-21 17:20:39,"(51,496)"
"vivo T4 Lite 5G Charger in the Box (Prism Blue, 128 GB)",14989,14999.0,,0.07,,,mobiles,Shopsy,https://www.shopsy.in/search?q=smartphones&page=2,2026-04-21 17:20:39,"(67,297)"
"vivo T4R 5G (Arctic White, 256 GB)",26989,26999.0,,0.04,,,mobiles,Shopsy,https://www.shopsy.in/search?q=smartphones&page=2,2026-04-21 17:20:39,"(6,133)"
"realme P4 5G (Steel Grey, 128 GB)",21989,21999.0,,0.05,,,mobiles,Shopsy,https://www.shopsy.in/search?q=smartphones&page=2,2026-04-21 17:20:39,"(17,590)"
"vivo T4R 5G (Arctic White, 128 GB)",22989,23499.0,2.0,2.17,,,mobiles,Shopsy,https://www.shopsy.in/search?q=smartphones&page=2,2026-04-21 17:20:39,"(67,065)"
"vivo T4R 5G (Twilight Blue, 128 GB)",22989,23499.0,2.0,2.17,,,mobiles,Shopsy,https://www.shopsy.in/search?q=smartphones&page=2,2026-04-21 17:20:39,"(67,065)"
"POCO C85x (Sunset Gold, 64 GB)",11489,13499.0,14.0,14.89,,,mobiles,Shopsy,https://www.shopsy.in/search?q=smartphones&page=2,2026-04-21 17:20:39,(741)
"vivo T4 Lite 5G Charger in the Box (Titanium Gold, 128 GB)",13989,13999.0,,0.07,,,mobiles,Shopsy,https://www.shopsy.in/search?q=smartphones&page=2,2026-04-21 17:20:39,"(51,496)"
"Ai+ Pulse 1 (Black, 64 GB)",7989,7999.0,,0.13,,,mobiles,Shopsy,https://www.shopsy.in/search?q=smartphones&page=2,2026-04-21 17:20:39,"(48,997)"
"vivo T5x 5G (Star Silver, 256 GB)",26989,33999.0,20.0,20.62,,,mobiles,Shopsy,https://www.shopsy.in/search?q=smartphones&page=3,2026-04-21 17:20:43,"(8,294)"
"Apple iPhone 15 (Blue, 128 GB)",59890,59900.0,,0.02,,,mobiles,Shopsy,https://www.shopsy.in/search?q=smartphones&page=3,2026-04-21 17:20:43,"(2,74,062)"
"MOTOROLA G96 5G (Pantone Cattleya Orchid, 128 GB)",18989,20999.0,9.0,9.57,,,mobiles,Shopsy,https://www.shopsy.in/search?q=smartphones&page=3,2026-04-21 17:20:43,"(98,583)"
"Apple iPhone 16 (Pink, 128 GB)",69890,69900.0,,0.01,,,mobiles,Shopsy,https://www.shopsy.in/search?q=smartphones&page=3,2026-04-21 17:20:43,"(2,19,094)"
"MOTOROLA Edge 60 Fusion 5G (PANTONE Zephyr, 128 GB)",22989,24999.0,8.0,8.04,,,mobiles,Shopsy,https://www.shopsy.in/search?q=smartphones&page=3,2026-04-21 17:20:43,"(1,36,167)"
"Samsung M06 5G (Sage Green, 128 GB)",13735,15499.0,11.0,11.38,,,mobiles,Shopsy,https://www.shopsy.in/search?q=smartphones&page=3,2026-04-21 17:20:43,"(1,167)"
"Ai+ Pulse 1 (Blue, 64 GB)",7989,7999.0,,0.13,,,mobiles,Shopsy,https://www.shopsy.in/search?q=smartphones&page=3,2026-04-21 17:20:43,"(48,997)"
"Ai+ Pulse 2 (Purple, 128 GB)",9489,11999.0,20.0,20.92,,,mobiles,Shopsy,https://www.shopsy.in/search?q=smartphones&page=3,2026-04-21 17:20:43,"(1,103)"
"MOTOROLA Edge 60 Fusion 5G (PANTONE Mykonos Blue, 128 GB)",22989,24999.0,8.0,8.04,,,mobiles,Shopsy,https://www.shopsy.in/search?q=smartphones&page=3,2026-04-21 17:20:43,"(1,36,167)"
"OnePlus Nord 6 (Quick Silver, 256 GB)",39490,52999.0,25.0,25.49,,,mobiles,Shopsy,https://www.shopsy.in/search?q=smartphones&page=3,2026-04-21 17:20:43,(86)
"OnePlus Nord 6 (Fresh Mint, 256 GB)",39488,52999.0,25.0,25.49,,,mobiles,Shopsy,https://www.shopsy.in/search?q=smartphones&page=3,2026-04-21 17:20:43,(86)
"Samsung Galaxy F06 5G (Lit Violet, 64 GB)",11489,12499.0,8.0,8.08,,,mobiles,Shopsy,https://www.shopsy.in/search?q=smartphones&page=3,2026-04-21 17:20:43,"(46,284)"
"realme P4 5G (Forge Red, 128 GB)",20989,20999.0,,0.05,,,mobiles,Shopsy,https://www.shopsy.in/search?q=smartphones&page=3,2026-04-21 17:20:43,"(23,080)"
"Infinix GT 30 5G+ Cyber Blue 256 (Cyber Blue, 256 GB)",23999,26999.0,11.0,11.11,,,mobiles,Shopsy,https://www.shopsy.in/search?q=smartphones&page=3,2026-04-21 17:20:43,(123)
"MOTOROLA Edge 70 Fusion (Pantone SILHOUETTE, 256 GB)",32989,49999.0,34.0,34.02,,,mobiles,Shopsy,https://www.shopsy.in/search?q=smartphones&page=3,2026-04-21 17:20:43,(980)
"MOTOROLA Edge 60 Fusion 5G (PANTONE Mykonos Blue, 256 GB)",26989,27999.0,3.0,3.61,,,mobiles,Shopsy,https://www.shopsy.in/search?q=smartphones&page=3,2026-04-21 17:20:43,"(52,410)"
"MOTOROLA Edge 60 Pro (Pantone Shadow, 256 GB)",29989,36999.0,18.0,18.95,,,mobiles,Shopsy,https://www.shopsy.in/search?q=smartphones&page=3,2026-04-21 17:20:43,"(51,042)"
"MOTOROLA Edge 70 Fusion (Pantone BLUE SURF, 256 GB)",29989,45999.0,34.0,34.81,,,mobiles,Shopsy,https://www.shopsy.in/search?q=smartphones&page=3,2026-04-21 17:20:43,"(4,452)"
"vivo T4x 5G (Glacial Teal, 128 GB)",18989,19499.0,2.0,2.62,,,mobiles,Shopsy,https://www.shopsy.in/search?q=smartphones&page=3,2026-04-21 17:20:43,"(1,68,924)"
"vivo T4x 5G (Pronto Purple, 128 GB)",16989,17999.0,5.0,5.61,,,mobiles,Shopsy,https://www.shopsy.in/search?q=smartphones&page=3,2026-04-21 17:20:43,"(2,23,361)"
"Google Pixel 9A (Porcelain, 256 GB)",39989,49999.0,20.0,20.02,,,mobiles,Shopsy,https://www.shopsy.in/search?q=smartphones&page=4,2026-04-21 17:20:48,"(10,197)"
"realme P4 Lite (Beach Gold, 128 GB)",10999,13999.0,21.0,21.43,,,mobiles,Shopsy,https://www.shopsy.in/search?q=smartphones&page=4,2026-04-21 17:20:48,"(1,857)"
"vivo T4x 5G (Marine Blue, 256 GB)",20989,20999.0,,0.05,,,mobiles,Shopsy,https://www.shopsy.in/search?q=smartphones&page=4,2026-04-21 17:20:48,"(1,68,924)"
"MOTOROLA G96 5G (Pantone Dresden Blue, 128 GB)",18989,20999.0,9.0,9.57,,,mobiles,Shopsy,https://www.shopsy.in/search?q=smartphones&page=4,2026-04-21 17:20:48,"(98,583)"
"Infinix GT 30 5G+ Pulse Green 256 (Pulse Green, 256 GB)",23999,26999.0,11.0,11.11,,,mobiles,Shopsy,https://www.shopsy.in/search?q=smartphones&page=4,2026-04-21 17:20:48,(186)
"Samsung M06 5G (Blazing Black, 128 GB)",13685,15499.0,11.0,11.7,,,mobiles,Shopsy,https://www.shopsy.in/search?q=smartphones&page=4,2026-04-21 17:20:48,"(1,167)"
"vivo T4x 5G (Pronto Purple, 128 GB)",18989,19499.0,2.0,2.62,,,mobiles,Shopsy,https://www.shopsy.in/search?q=smartphones&page=4,2026-04-21 17:20:48,"(1,68,924)"
"vivo T4x 5G (Marine Blue, 128 GB)",16989,17999.0,5.0,5.61,,,mobiles,Shopsy,https://www.shopsy.in/search?q=smartphones&page=4,2026-04-21 17:20:48,"(2,23,361)"
"MOTOROLA Edge 60 Pro (Pantone Dazzling Blue, 256 GB)",29989,36999.0,18.0,18.95,,,mobiles,Shopsy,https://www.shopsy.in/search?q=smartphones&page=4,2026-04-21 17:20:48,"(51,042)"
"realme P4 Lite (Sea Blue, 128 GB)",10999,13999.0,21.0,21.43,,,mobiles,Shopsy,https://www.shopsy.in/search?q=smartphones&page=4,2026-04-21 17:20:48,"(1,857)"
"vivo T4x 5G (Marine Blue, 128 GB)",18989,19499.0,2.0,2.62,,,mobiles,Shopsy,https://www.shopsy.in/search?q=smartphones&page=4,2026-04-21 17:20:48,"(1,68,924)"
"vivo T4x 5G (Glacial Teal, 256 GB)",20989,20999.0,,0.05,,,mobiles,Shopsy,https://www.shopsy.in/search?q=smartphones&page=4,2026-04-21 17:20:48,"(1,68,924)"
"vivo T4x 5G (Pronto Purple, 256 GB)",20989,20999.0,,0.05,,,mobiles,Shopsy,https://www.shopsy.in/search?q=smartphones&page=4,2026-04-21 17:20:48,"(1,68,924)"
"realme P4 5G (Steel Grey, 256 GB)",23989,23999.0,,0.04,,,mobiles,Shopsy,https://www.shopsy.in/search?q=smartphones&page=4,2026-04-21 17:20:48,"(17,590)"
"realme P4 5G (Forge Red, 128 GB)",21989,21999.0,,0.05,,,mobiles,Shopsy,https://www.shopsy.in/search?q=smartphones&page=4,2026-04-21 17:20:48,"(17,590)"
"realme P4x 5G (Lake Green, 128 GB)",17499,18999.0,7.0,7.9,,,mobiles,Shopsy,https://www.shopsy.in/search?q=smartphones&page=4,2026-04-21 17:20:48,"(4,235)"
"MOTOROLA Edge 70 Fusion (Pantone BLUE SURF, 128 GB)",26989,42999.0,37.0,37.23,,,mobiles,Shopsy,https://www.shopsy.in/search?q=smartphones&page=4,2026-04-21 17:20:48,"(4,452)"
"Ai+ Pulse 1 (Green, 64 GB)",7989,7999.0,,0.13,,,mobiles,Shopsy,https://www.shopsy.in/search?q=smartphones&page=4,2026-04-21 17:20:48,"(48,997)"
"Google Pixel 10a (Fog, 256 GB)",49989,49999.0,,0.02,,,mobiles,Shopsy,https://www.shopsy.in/search?q=smartphones&page=4,2026-04-21 17:20:48,(551)
"POCO M6 Plus 5G (Ice Silver, 128 GB)",14489,17999.0,19.0,19.5,,,mobiles,Shopsy,https://www.shopsy.in/search?q=smartphones&page=4,2026-04-21 17:20:48,"(20,256)"
"Ai+ Pulse 2 (Green, 128 GB)",9489,11999.0,20.0,20.92,,,mobiles,Shopsy,https://www.shopsy.in/search?q=smartphones&page=4,2026-04-21 17:20:48,"(1,103)"
"MOTOROLA Edge 60 Pro (Pantone Sparkling Grape, 256 GB)",29989,36999.0,18.0,18.95,,,mobiles,Shopsy,https://www.shopsy.in/search?q=smartphones&page=4,2026-04-21 17:20:48,"(51,042)"
"Nothing Phone (3a) Lite (Black, 128 GB)",21989,22999.0,4.0,4.39,,,mobiles,Shopsy,https://www.shopsy.in/search?q=smartphones&page=4,2026-04-21 17:20:48,"(2,594)"
"Samsung Galaxy F36 5G (Red, 128 GB)",18989,22999.0,17.0,17.44,,,mobiles,Shopsy,https://www.shopsy.in/search?q=smartphones&page=5,2026-04-21 17:20:54,"(10,918)"
"POCO C85x (Emerald Green, 64 GB)",11489,13499.0,14.0,14.89,,,mobiles,Shopsy,https://www.shopsy.in/search?q=smartphones&page=5,2026-04-21 17:20:54,(741)
"MOTOROLA g06 power (Pantone Laurel Oak, 64 GB)",9989,9999.0,,0.1,,,mobiles,Shopsy,https://www.shopsy.in/search?q=smartphones&page=5,2026-04-21 17:20:54,"(14,251)"
"vivo T4 5G (Emerald Blaze, 128 GB)",24989,25999.0,3.0,3.88,,,mobiles,Shopsy,https://www.shopsy.in/search?q=smartphones&page=5,2026-04-21 17:20:54,"(1,03,627)"
"Apple iPhone 16 (Black, 128 GB)",69890,69900.0,,0.01,,,mobiles,Shopsy,https://www.shopsy.in/search?q=smartphones&page=5,2026-04-21 17:20:54,"(2,19,094)"
"Motorola Edge 50 Fusion (Forest Green, 256 GB)",20989,27999.0,25.0,25.04,,,mobiles,Shopsy,https://www.shopsy.in/search?q=smartphones&page=5,2026-04-21 17:20:54,"(1,74,914)"
"OnePlus 13R 5g (Astral Trail, 256 GB)",41989,44999.0,6.0,6.69,,,mobiles,Shopsy,https://www.shopsy.in/search?q=smartphones&page=5,2026-04-21 17:20:54,"(5,855)"
"POCO X8 Pro (Black, 256 GB)",32989,43999.0,25.0,25.02,,,mobiles,Shopsy,https://www.shopsy.in/search?q=smartphones&page=5,2026-04-21 17:20:54,(777)
"POCO M8 (Frost Silver, 128 GB)",17989,21999.0,18.0,18.23,,,mobiles,Shopsy,https://www.shopsy.in/search?q=smartphones&page=5,2026-04-21 17:20:54,"(1,269)"
"OnePlus 13R 5G (Nebula Noir, 256 GB)",40188,44999.0,10.0,10.69,,,mobiles,Shopsy,https://www.shopsy.in/search?q=smartphones&page=5,2026-04-21 17:20:54,"(5,855)"
"Tecno Pova 7 Pro 5G (Neon Cyan, 128 GB)",18364,21999.0,16.0,16.52,,,mobiles,Shopsy,https://www.shopsy.in/search?q=smartphones&page=5,2026-04-21 17:20:54,"(5,023)"
Acer Aspire 3 Intel Celeron Dual Core - (8 GB/128 GB SSD/Windows 11 Home) A311-45 Thin and Light Laptop,29990,32990.0,9.0,9.09,,,laptops,Shopsy,https://www.shopsy.in/search?q=laptops&page=2,2026-04-21 17:21:01,"(9,301)"
Primebook 2 Neo (2025) in-Built AI MediaTek Helio G99 (MT8781) - (6 GB/128 GB/Android 15) PBG9911128#B7B7B7 Thin and Light Laptop,19980,24990.0,20.0,20.05,,,laptops,Shopsy,https://www.shopsy.in/search?q=laptops&page=2,2026-04-21 17:21:01,(301)
ASUS Chromebook CX14 Intel Celeron Dual Core N4500 - (4 GB/64 GB EMMC Storage/Chrome OS) CX1405CKA-NK0154 | CX1405CKA-S60342 Chromebook,17980,21990.0,18.0,18.24,,,laptops,Shopsy,https://www.shopsy.in/search?q=laptops&page=2,2026-04-21 17:21:01,(417)
ASUS Chromebook CX15 Intel Celeron Dual Core N50 - (4 GB/128 GB EMMC Storage/Chrome OS) CX1505CTA-S70257 Chromebook Laptop,22980,26990.0,14.0,14.86,,,laptops,Shopsy,https://www.shopsy.in/search?q=laptops&page=2,2026-04-21 17:21:01,(12)
Acer Aspire 3 Intel Core i3 13th Gen 1305U - (16 GB/512 GB SSD/Windows 11 Home) A324-53 Thin and Light Laptop,44980,44999.0,,0.04,,,laptops,Shopsy,https://www.shopsy.in/search?q=laptops&page=2,2026-04-21 17:21:01,"(3,638)"
Acer Aspire 3 Intel Core i3 13th Gen 1305U - (8 GB/512 GB SSD/Windows 11 Home) A324-53 Thin and Light Laptop,43480,49999.0,13.0,13.04,,,laptops,Shopsy,https://www.shopsy.in/search?q=laptops&page=2,2026-04-21 17:21:01,"(3,638)"
ASUS Chromebook CX14 Intel Celeron Dual Core N50 - (4 GB/512 GB SSD/128 GB EMMC Storage/Chrome OS) CX1405CTA-S60621 Chromebook Laptop,24980,24990.0,,0.04,,,laptops,Shopsy,https://www.shopsy.in/search?q=laptops&page=2,2026-04-21 17:21:01,(8)
HP AMD Ryzen 7 Octa Core - (16 GB/512 GB SSD/Windows 11 Home) 15-fc0761AU Laptop,62990,65387.0,3.0,3.67,,,laptops,Shopsy,https://www.shopsy.in/search?q=laptops&page=2,2026-04-21 17:21:01,
Acer Aspire 3 Intel Core i5 13th Gen 1334U - (16 GB/1 TB SSD/Windows 11 Home) A324-53 Thin and Light Laptop,57980,64990.0,10.0,10.79,,,laptops,Shopsy,https://www.shopsy.in/search?q=laptops&page=2,2026-04-21 17:21:01,"(1,666)"
HP 15s Metal Intel Core i3 13th Gen 1315U - (8 GB/512 GB SSD/Windows 11 Home) 15-hr0005TU Thin and Light Laptop,43980,53327.0,17.0,17.53,,,laptops,Shopsy,https://www.shopsy.in/search?q=laptops&page=2,2026-04-21 17:21:01,(121)
Apple MacBook AIR M2 - (8 GB/512 GB SSD/Mac OS Monterey) MLY43HN/A,109890,109900.0,,0.01,,,laptops,Shopsy,https://www.shopsy.in/search?q=laptops&page=2,2026-04-21 17:21:01,"(1,931)"
Apple MacBook AIR M2 - (8 GB/256 GB SSD/Mac OS Monterey) MLY33HN/A,85980,89900.0,4.0,4.36,,,laptops,Shopsy,https://www.shopsy.in/search?q=laptops&page=2,2026-04-21 17:21:01,"(18,634)"
MOTOROLA Motobook 60 Pro Full Metal OLED AI PC Intel Core Ultra 5 225H - (16 GB/512 GB SSD/Windows 11 Home) 83NY000CIN Thin and Light Laptop,62980,104990.0,40.0,40.01,,,laptops,Shopsy,https://www.shopsy.in/search?q=laptops&page=2,2026-04-21 17:21:01,(210)
HP 14 AI PC Intel Core Ultra 7 - (24 GB/1 TB SSD/Windows 11 Home) 14-ep1181TU Thin and Light Laptop,82990,88415.0,6.0,6.14,,,laptops,Shopsy,https://www.shopsy.in/search?q=laptops&page=2,2026-04-21 17:21:01,(490)
HP 255R G10 (2025) Professional AMD Ryzen 3 Quad Core 7335U - (8 GB/512 GB SSD/Windows 11 Home) 255R G10 Thin and Light Laptop,33630,41990.0,19.0,19.91,,,laptops,Shopsy,https://www.shopsy.in/search?q=laptops&page=2,2026-04-21 17:21:01,(13)
Ultimus Pro Intel Dual Core N4020 - (4 GB/128 GB EMMC Storage/Windows 11 Home) NU14U3CNC43BN-MB Thin and Light Laptop,15905,27990.0,43.0,43.18,,,laptops,Shopsy,https://www.shopsy.in/search?q=laptops&page=2,2026-04-21 17:21:01,(27)
MOTOROLA Motobook 60 Pro Full Metal OLED AI PC Intel Core Ultra 5 225H - (16 GB/512 GB SSD/Windows 11 Home) 83NY000DIN Thin and Light Laptop,62980,104990.0,40.0,40.01,,,laptops,Shopsy,https://www.shopsy.in/search?q=laptops&page=2,2026-04-21 17:21:01,(210)
"ASUS Vivobook Go 15 (2025) with Office 2024 + M365 Basic*, AMD Ryzen 5 Quad Core 7520U - (8 GB/512 GB SSD/Windows 11 Home) E1504FA-BQ2523WS Thin and Light Laptop",40980,48990.0,16.0,16.35,,,laptops,Shopsy,https://www.shopsy.in/search?q=laptops&page=2,2026-04-21 17:21:01,(59)
Lenovo IdeaPad Slim 3 Next Gen AI PC WUXGA IPS Copilot + PC with 1Yr ADP Snapdragon X - (16 GB/512 GB SSD/Windows 11 Home) 15Q8X10 Thin and Light Laptop,63980,93490.0,31.0,31.56,,,laptops,Shopsy,https://www.shopsy.in/search?q=laptops&page=2,2026-04-21 17:21:01,(862)
Acer One Intel Core i3 11th Gen 1115G4 - (8 GB/512 GB SSD/Windows 11 Home) AO 14 Z 8-415 Thin and Light Laptop,24980,43999.0,43.0,43.23,,,laptops,Shopsy,https://www.shopsy.in/search?q=laptops&page=2,2026-04-21 17:21:01,"(13,584)"
HP 15s AMD Ryzen 3 Quad Core 5300U - (8 GB/512 GB SSD/Windows 11 Home) 15s-eq2143au Thin and Light Laptop,44970,47147.0,4.0,4.62,,,laptops,Shopsy,https://www.shopsy.in/search?q=laptops&page=2,2026-04-21 17:21:01,"(5,991)"
Ultimus APEX Intel Celeron Dual Core - (8 GB/512 GB SSD/Windows 11 Home) NU14U7INC56BN-CS Laptop,24689,39990.0,38.0,38.26,,,laptops,Shopsy,https://www.shopsy.in/search?q=laptops&page=2,2026-04-21 17:21:01,(111)
Apple Macbook Neo A18 Pro(2026) A18 Pro - (8 GB/256 GB SSD/Tahoe) MHFF4HN/A,67890,69900.0,2.0,2.88,,,laptops,Shopsy,https://www.shopsy.in/search?q=laptops&page=2,2026-04-21 17:21:01,(100)
ASUS TUF Gaming A15 (2025) AMD Ryzen 7 Hexa Core 7445HS - (16 GB/512 GB SSD/Windows 11 Home/4 GB Graphics/NVIDIA GeForce RTX 3050/144 Hz) FA506NCG-HN200WS Gaming Laptop,68990,85990.0,19.0,19.77,,,laptops,Shopsy,https://www.shopsy.in/search?q=laptops&page=2,2026-04-21 17:21:01,(50)
Acer Swift Go 14 Office 2024 + M365 Basic AMD Ryzen 5 Hexa Core 7430U - (16 GB/512 GB SSD/Windows 11 Home) SFG14-41-R6G9 Thin and Light Laptop,40980,69999.0,41.0,41.46,,,laptops,Shopsy,https://www.shopsy.in/search?q=laptops&page=3,2026-04-21 17:21:07,"(1,024)"
Infinix Y4 Max Series Intel Core i3 13th Gen 1315U - (16 GB/512 GB SSD/Windows 11 Home) YL613 Thin and Light Laptop,36980,59990.0,38.0,38.36,,,laptops,Shopsy,https://www.shopsy.in/search?q=laptops&page=3,2026-04-21 17:21:07,(469)
HP Intel Core i3 11th Gen - (8 GB/512 GB SSD/Windows 11 Home) 15S-FR2515TU Laptop,48980,49999.0,2.0,2.04,,,laptops,Shopsy,https://www.shopsy.in/search?q=laptops&page=3,2026-04-21 17:21:07,(40)
ASUS TUF Gaming F16 (2025) with MSO 2024+M365 Basic (i5 14th Gen) Intel Core 5 - (16 GB/512 GB SSD/Windows 11 Home/6 GB Graphics/NVIDIA GeForce RTX 3050/144 Hz) FX607VJB-RL179WS Gaming Laptop,74990,91990.0,18.0,18.48,,,laptops,Shopsy,https://www.shopsy.in/search?q=laptops&page=3,2026-04-21 17:21:07,(11)
HP AMD Ryzen 5 Hexa Core 5500U - (8 GB/512 GB SSD/Windows 11 Home) 15s- eq2144au Thin and Light Laptop,43980,54552.0,19.0,19.38,,,laptops,Shopsy,https://www.shopsy.in/search?q=laptops&page=3,2026-04-21 17:21:07,"(5,387)"
Acer Aspire Intel Celeron Dual Core N4500 - (12 GB/256 GB SSD/Windows 11 Home) A324-45-V2 Thin and Light Laptop,20980,29999.0,30.0,30.06,,,laptops,Shopsy,https://www.shopsy.in/search?q=laptops&page=3,2026-04-21 17:21:07,"(2,050)"
DELL 14 Microsoft Office Home 2024 Intel Core Ultra 7 256V - (16 GB/512 GB SSD/Windows 11 Home) DB04250 2 in 1 Laptop,99980,111258.0,10.0,10.14,,,laptops,Shopsy,https://www.shopsy.in/search?q=laptops&page=3,2026-04-21 17:21:07,
HP 15s Intel Core i5 13th Gen 1335U - (8 GB/512 GB SSD/Windows 11 Home) 15-fd0021TU Thin and Light Laptop,57980,76989.0,24.0,24.69,,,laptops,Shopsy,https://www.shopsy.in/search?q=laptops&page=3,2026-04-21 17:21:07,(424)
HP Chromebook Intel Celeron Dual Core N4120 - (4 GB/64 GB EMMC Storage/Chrome OS) 14a-ca0506TU Chromebook,27980,32295.0,13.0,13.36,,,laptops,Shopsy,https://www.shopsy.in/search?q=laptops&page=3,2026-04-21 17:21:07,"(2,110)"
Lenovo V15 Series AMD Ryzen 5 Quad Core 7520U - (8 GB/512 GB SSD/Windows 11 Home) V15 Thin and Light Laptop,50980,59990.0,15.0,15.02,,,laptops,Shopsy,https://www.shopsy.in/search?q=laptops&page=3,2026-04-21 17:21:07,(56)
ASUS VivoBook 14 Intel Core i3 11th Gen 1115G4 - (8 GB/256 GB SSD/Windows 11 Home) X415EA-EK342WS Thin and Light Laptop,35980,50990.0,29.0,29.44,,,laptops,Shopsy,https://www.shopsy.in/search?q=laptops&page=3,2026-04-21 17:21:07,(643)
Acer Aspire 3 Backlit Intel Core i5 12th Gen 1235U - (16 GB/512 GB SSD/Windows 11 Home) A324-51 Thin and Light Laptop,38980,53000.0,26.0,26.45,,,laptops,Shopsy,https://www.shopsy.in/search?q=laptops&page=3,2026-04-21 17:21:07,"(3,224)"
Acer Aspire 3 Backlit Intel Core i5 12th Gen 1235U - (8 GB/512 GB SSD/Windows 11 Home) A324-51 Thin and Light Laptop,52193,59900.0,12.0,12.87,,,laptops,Shopsy,https://www.shopsy.in/search?q=laptops&page=3,2026-04-21 17:21:07,"(3,224)"
DELL Inspiron 15 Microsoft Office Home 2024 Intel Core i5 13th Gen 1334U - (8 GB/512 GB SSD/Windows 11 Home) 3530 Thin and Light Laptop,54980,63416.0,13.0,13.3,,,laptops,Shopsy,https://www.shopsy.in/search?q=laptops&page=3,2026-04-21 17:21:07,(490)
DELL 14 Microsoft Office Home 2024 AMD Ryzen AI 7 Octa Core 350 AI - (16 GB/1 TB SSD/Windows 11 Home) DB14255 Thin and Light Laptop,83480,107083.0,22.0,22.04,,,laptops,Shopsy,https://www.shopsy.in/search?q=laptops&page=3,2026-04-21 17:21:07,
HP Intel Core i3 13th Gen 1315U - (8 GB/512 GB SSD/Windows 11 Home) 15-fd0568TU Thin and Light Laptop,45980,59999.0,23.0,23.37,,,laptops,Shopsy,https://www.shopsy.in/search?q=laptops&page=3,2026-04-21 17:21:07,(163)
Primebook 2 Max (2025) in-Built AI MediaTek Helio G99 (MT8781) - (8 GB/256 GB/Android 15) PBG9915256#4278C Laptop,28480,34990.0,18.0,18.61,,,laptops,Shopsy,https://www.shopsy.in/search?q=laptops&page=3,2026-04-21 17:21:07,(994)
DELL 14 Microsoft Office Home 2024 AMD Ryzen 5 Hexa Core AI 5 340 - (16 GB/512 GB SSD/Windows 11 Home) DB14255 Thin and Light Laptop,72480,92833.0,21.0,21.92,,,laptops,Shopsy,https://www.shopsy.in/search?q=laptops&page=3,2026-04-21 17:21:07,
DELL 16 14 Microsoft Office Home 2024 AMD Ryzen AI 5 Hexa Core 340 AI - (16 GB/512 GB SSD/Windows 11 Home) DB16255 Laptop,71980,89250.0,19.0,19.35,,,laptops,Shopsy,https://www.shopsy.in/search?q=laptops&page=3,2026-04-21 17:21:07,
HP Laptop AMD Ryzen 3 Quad Core 5300U - (8 GB/512 GB SSD/Windows 11 Home) 15s- eq2213AU Thin and Light Laptop,45980,51990.0,11.0,11.56,,,laptops,Shopsy,https://www.shopsy.in/search?q=laptops&page=5,2026-04-21 17:21:15,(658)
Acer Aspire 7 Intel Core i5 12th Gen 12450H - (16 GB/512 GB SSD/Windows 11 Home/4 GB Graphics/NVIDIA GeForce RTX 3050/144 Hz) A715-76G-548J Gaming Laptop,57990,84999.0,31.0,31.78,,,laptops,Shopsy,https://www.shopsy.in/search?q=laptops&page=5,2026-04-21 17:21:15,"(2,741)"
Lenovo V15 AMD Ryzen 5 Quad Core 7520U - (16 GB/512 GB SSD/Windows 11 Home) V15 Thin and Light Laptop,49441,60999.0,18.0,18.95,,,laptops,Shopsy,https://www.shopsy.in/search?q=laptops&page=5,2026-04-21 17:21:15,"(1,804)"
HP 255R G10 (2026) Professional DDR5 5600Mhz AMD Ryzen 5 Hexa Core - (8 GB/512 GB SSD/Windows 11 Home) 255R G10 Thin and Light Laptop,49880,69990.0,28.0,28.73,,,laptops,Shopsy,https://www.shopsy.in/search?q=laptops&page=5,2026-04-21 17:21:15,(7)
HP AMD Ryzen 5 Quad Core 7520U - (16 GB/512 GB SSD/Windows 11 Home) 15-fc0156AU / 15-fc0690AU Thin and Light Laptop,53511,56031.0,4.0,4.5,,,laptops,Shopsy,https://www.shopsy.in/search?q=laptops&page=5,2026-04-21 17:21:15,(459)
MOTOROLA Motobook 60 Full Metal OLED (i7 14th Gen) Intel Core 7 (Series 2) 240H - (16 GB/512 GB SSD/Windows 11 Home) 14IRH10R Thin and Light Laptop,62980,104890.0,39.0,39.96,,,laptops,Shopsy,https://www.shopsy.in/search?q=laptops&page=5,2026-04-21 17:21:15,"(1,001)"
DELL Inspiron 15 Intel Core i3 12th Gen 1215U - (8 GB/512 GB SSD/Windows 11 Home) Inspiron 3520 Thin and Light Laptop,56773,60319.0,5.0,5.88,,,laptops,Shopsy,https://www.shopsy.in/search?q=laptops&page=5,2026-04-21 17:21:15,"(4,986)"
DELL Intel Core i3 12th Gen 1215U - (8 GB/256 GB SSD/Windows 11 Home) Inspiron 3520 Thin and Light Laptop,56628,61329.0,7.0,7.67,,,laptops,Shopsy,https://www.shopsy.in/search?q=laptops&page=5,2026-04-21 17:21:15,(40)
DELL Intel Core i5 12th Gen 1235U - (8 GB/512 GB SSD/Windows 11 Home) New Inspiron 15 Laptop Thin and Light Laptop,53890,70000.0,23.0,23.01,,,laptops,Shopsy,https://www.shopsy.in/search?q=laptops&page=5,2026-04-21 17:21:15,(695)
HP Intel Core i3 12th Gen 1215U - (16 GB/512 GB SSD/Windows 11 Home) 15s-fy5004TU Thin and Light Laptop,46980,52721.0,10.0,10.89,,,laptops,Shopsy,https://www.shopsy.in/search?q=laptops&page=5,2026-04-21 17:21:15,"(1,925)"
HP 15s Intel Core i3 12th Gen 1215U - (8 GB/512 GB SSD/Windows 11 Home) 15-fd0752TU /15s-fy5003TU Thin and Light Laptop,46980,51266.0,8.0,8.36,,,laptops,Shopsy,https://www.shopsy.in/search?q=laptops&page=5,2026-04-21 17:21:15,"(6,571)"
DELL Inspiron 15 (Core i3 14th Gen) Intel Core 3 100U - (8 GB/512 GB SSD/Windows 11 Home) DC15250 Thin and Light Laptop,47980,49990.0,4.0,4.02,,,laptops,Shopsy,https://www.shopsy.in/search?q=laptops&page=5,2026-04-21 17:21:15,(91)
Acer Aspire Lite AMD Ryzen 5 Hexa Core 5625U - (8 GB/512 GB SSD/Windows 11 Home) AL15-41 Thin and Light Laptop,46601,49999.0,6.0,6.8,,,laptops,Shopsy,https://www.shopsy.in/search?q=laptops&page=5,2026-04-21 17:21:15,"(2,910)"
Acer Aspire Lite AMD Ryzen 3 Quad Core 5300U - (8 GB/512 GB SSD/Windows 11 Home) AL15-41 Thin and Light Laptop,39435,44990.0,12.0,12.35,,,laptops,Shopsy,https://www.shopsy.in/search?q=laptops&page=5,2026-04-21 17:21:15,"(1,536)"
3.8,220,2221.0,90.0,90.09,,,headphones,Shopsy,https://www.shopsy.in/search?q=headphones&page=2,2026-04-21 17:21:23,(409)
3.7,222,999.0,77.0,77.78,,,headphones,Shopsy,https://www.shopsy.in/search?q=headphones&page=2,2026-04-21 17:21:23,"(2,452)"
3.5,189,799.0,76.0,76.35,,,headphones,Shopsy,https://www.shopsy.in/search?q=headphones&page=2,2026-04-21 17:21:23,"(5,081)"
3.8,205,1199.0,82.0,82.9,,,headphones,Shopsy,https://www.shopsy.in/search?q=headphones&page=2,2026-04-21 17:21:23,(184)
3.6,195,1999.0,90.0,90.25,,,headphones,Shopsy,https://www.shopsy.in/search?q=headphones&page=2,2026-04-21 17:21:23,(390)
3.5,259,1999.0,87.0,87.04,,,headphones,Shopsy,https://www.shopsy.in/search?q=headphones&page=2,2026-04-21 17:21:23,(834)
4.1,223,2199.0,89.0,89.86,,,headphones,Shopsy,https://www.shopsy.in/search?q=headphones&page=2,2026-04-21 17:21:23,(250)
3.9,202,1199.0,83.0,83.15,,,headphones,Shopsy,https://www.shopsy.in/search?q=headphones&page=2,2026-04-21 17:21:23,(27)
3.4,393,858.0,54.0,54.2,,,headphones,Shopsy,https://www.shopsy.in/search?q=headphones&page=2,2026-04-21 17:21:23,(260)
3.5,232,738.0,68.0,68.56,,,headphones,Shopsy,https://www.shopsy.in/search?q=headphones&page=2,2026-04-21 17:21:23,(522)
3.6,222,999.0,77.0,77.78,,,headphones,Shopsy,https://www.shopsy.in/search?q=headphones&page=2,2026-04-21 17:21:23,(442)
3.7,208,1499.0,86.0,86.12,,,headphones,Shopsy,https://www.shopsy.in/search?q=headphones&page=2,2026-04-21 17:21:23,(591)
3.9,205,1199.0,82.0,82.9,,,headphones,Shopsy,https://www.shopsy.in/search?q=headphones&page=2,2026-04-21 17:21:23,(54)
3.5,367,858.0,57.0,57.23,,,headphones,Shopsy,https://www.shopsy.in/search?q=headphones&page=2,2026-04-21 17:21:23,(270)
3.7,216,2299.0,90.0,90.6,,,headphones,Shopsy,https://www.shopsy.in/search?q=headphones&page=2,2026-04-21 17:21:23,(591)
4.1,121,699.0,82.0,82.69,,,headphones,Shopsy,https://www.shopsy.in/search?q=headphones&page=2,2026-04-21 17:21:23,(75)
4.7,390,998.0,60.0,60.92,,,headphones,Shopsy,https://www.shopsy.in/search?q=headphones&page=2,2026-04-21 17:21:23,(3)
4,405,1299.0,68.0,68.82,,,headphones,Shopsy,https://www.shopsy.in/search?q=headphones&page=2,2026-04-21 17:21:23,(4)
3.8,242,1999.0,87.0,87.89,,,headphones,Shopsy,https://www.shopsy.in/search?q=headphones&page=2,2026-04-21 17:21:23,(409)
3.5,400,998.0,59.0,59.92,,,headphones,Shopsy,https://www.shopsy.in/search?q=headphones&page=2,2026-04-21 17:21:23,(8)
3.6,213,799.0,73.0,73.34,,,headphones,Shopsy,https://www.shopsy.in/search?q=headphones&page=2,2026-04-21 17:21:23,(622)
4,780,2499.0,68.0,68.79,,,headphones,Shopsy,https://www.shopsy.in/search?q=headphones&page=2,2026-04-21 17:21:23,(259)
3.3,253,1599.0,84.0,84.18,,,headphones,Shopsy,https://www.shopsy.in/search?q=headphones&page=2,2026-04-21 17:21:23,(238)
3.7,735,2999.0,75.0,75.49,,,headphones,Shopsy,https://www.shopsy.in/search?q=headphones&page=2,2026-04-21 17:21:23,(363)
3.7,205,1199.0,82.0,82.9,,,headphones,Shopsy,https://www.shopsy.in/search?q=headphones&page=2,2026-04-21 17:21:23,(167)
3.5,212,999.0,78.0,78.78,,,headphones,Shopsy,https://www.shopsy.in/search?q=headphones&page=2,2026-04-21 17:21:23,"(1,008)"
3.7,183,1199.0,84.0,84.74,,,headphones,Shopsy,https://www.shopsy.in/search?q=headphones&page=2,2026-04-21 17:21:23,(355)
3.6,382,858.0,55.0,55.48,,,headphones,Shopsy,https://www.shopsy.in/search?q=headphones&page=2,2026-04-21 17:21:23,(87)
4,129,799.0,83.0,83.85,,,headphones,Shopsy,https://www.shopsy.in/search?q=headphones&page=2,2026-04-21 17:21:23,(110)
3.6,196,1999.0,90.0,90.2,,,headphones,Shopsy,https://www.shopsy.in/search?q=headphones&page=2,2026-04-21 17:21:23,(418)
3.5,195,1999.0,90.0,90.25,,,headphones,Shopsy,https://www.shopsy.in/search?q=headphones&page=3,2026-04-21 17:21:28,(481)
3.8,135,799.0,83.0,83.1,,,headphones,Shopsy,https://www.shopsy.in/search?q=headphones&page=3,2026-04-21 17:21:28,(39)
3.6,212,999.0,78.0,78.78,,,headphones,Shopsy,https://www.shopsy.in/search?q=headphones&page=3,2026-04-21 17:21:28,(33)
3.8,329,1599.0,79.0,79.42,,,headphones,Shopsy,https://www.shopsy.in/search?q=headphones&page=3,2026-04-21 17:21:28,(33)
3.7,197,1199.0,83.0,83.57,,,headphones,Shopsy,https://www.shopsy.in/search?q=headphones&page=3,2026-04-21 17:21:28,(89)
3.7,223,999.0,77.0,77.68,,,headphones,Shopsy,https://www.shopsy.in/search?q=headphones&page=3,2026-04-21 17:21:28,(186)
3.9,225,999.0,77.0,77.48,,,headphones,Shopsy,https://www.shopsy.in/search?q=headphones&page=3,2026-04-21 17:21:28,(43)
3.5,223,699.0,68.0,68.1,,,headphones,Shopsy,https://www.shopsy.in/search?q=headphones&page=3,2026-04-21 17:21:28,"(11,401)"
4.5,234,1999.0,88.0,88.29,,,headphones,Shopsy,https://www.shopsy.in/search?q=headphones&page=3,2026-04-21 17:21:28,(4)
5,217,999.0,78.0,78.28,,,headphones,Shopsy,https://www.shopsy.in/search?q=headphones&page=3,2026-04-21 17:21:28,(3)
3.6,223,599.0,62.0,62.77,,,headphones,Shopsy,https://www.shopsy.in/search?q=headphones&page=3,2026-04-21 17:21:28,(151)
3.4,240,738.0,67.0,67.48,,,headphones,Shopsy,https://www.shopsy.in/search?q=headphones&page=3,2026-04-21 17:21:28,(484)
3.6,239,699.0,65.0,65.81,,,headphones,Shopsy,https://www.shopsy.in/search?q=headphones&page=3,2026-04-21 17:21:28,(958)
3.8,212,999.0,78.0,78.78,,,headphones,Shopsy,https://www.shopsy.in/search?q=headphones&page=3,2026-04-21 17:21:28,(44)
3.4,253,1599.0,84.0,84.18,,,headphones,Shopsy,https://www.shopsy.in/search?q=headphones&page=3,2026-04-21 17:21:28,(218)
4.2,197,1199.0,83.0,83.57,,,headphones,Shopsy,https://www.shopsy.in/search?q=headphones&page=3,2026-04-21 17:21:28,(9)
3.5,241,899.0,73.0,73.19,,,headphones,Shopsy,https://www.shopsy.in/search?q=headphones&page=3,2026-04-21 17:21:28,(27)
4,229,1999.0,88.0,88.54,,,headphones,Shopsy,https://www.shopsy.in/search?q=headphones&page=3,2026-04-21 17:21:28,(2)
3.6,231,849.0,72.0,72.79,,,headphones,Shopsy,https://www.shopsy.in/search?q=headphones&page=3,2026-04-21 17:21:28,(53)
3.5,680,1999.0,65.0,65.98,,,headphones,Shopsy,https://www.shopsy.in/search?q=headphones&page=3,2026-04-21 17:21:28,(14)
3.3,232,999.0,76.0,76.78,,,headphones,Shopsy,https://www.shopsy.in/search?q=headphones&page=3,2026-04-21 17:21:28,(12)
3.7,198,1399.0,85.0,85.85,,,headphones,Shopsy,https://www.shopsy.in/search?q=headphones&page=5,2026-04-21 17:21:35,(591)
2.3,222,899.0,75.0,75.31,,,headphones,Shopsy,https://www.shopsy.in/search?q=headphones&page=5,2026-04-21 17:21:35,(3)
3.3,389,858.0,54.0,54.66,,,headphones,Shopsy,https://www.shopsy.in/search?q=headphones&page=5,2026-04-21 17:21:35,(17)
